PROV_EMPLA;X(UTMHuso30);Y(UTMHuso30);ORIENTACION;GANT;altura;tilt total
2800001;443283;4479264;0;15.1;48.75;12
2800001;443283;4479264;120;15.1;48.75;10
2800001;443283;4479264;240;15.1;48.75;10
2800003;442814;4475498;0;16;33.04;8
2800003;442814;4475498;120;16;33.04;7
2800003;442814;4475498;240;16;33.04;12
2800005;441235;4480125;0;17;29;6
2800005;441235;4480125;120;17;29;6
2800005;441235;4480125;240;17;29;8
2800006;445470;4476161;0;14.4;34;3
2800006;445470;4476161;120;14.4;34;3
2800006;445470;4476161;240;14.4;34;6
2800007;434458;4479633;0;15.9;24;10
2800007;434458;4479633;120;15.9;24;11
2800007;434458;4479633;240;15.9;24;10
2800009;440991;4473728;0;15.1;37.5;6
2800009;440991;4473728;120;15.1;37.5;9
2800009;440991;4473728;240;15.1;37.5;6
2800010;451131;4480369;350;17;8.7;6
2800010;451131;4480369;110;17;8.7;8
2800010;451131;4480369;220;17;8.7;9
2800012;439626;4478379;0;15.1;39;6
2800012;439626;4478379;120;15.1;39;6
2800012;439626;4478379;240;15.1;36.9;7
2800013;434591;4471871;0;16;23.5;9
2800013;434591;4471871;120;16;23.5;8
2800013;434591;4471871;240;16;23.5;10
2800016;444341;4476481;0;15.8;37.95;3
2800016;444341;4476481;120;15.8;37.95;3
2800016;444341;4476481;240;15.8;37.95;3
2800018;447743;4477157;0;15.8;39;10
2800018;447743;4477157;140;15.8;39;10
2800018;447743;4477157;240;15.8;39;10
2800020;443268;4474563;0;15.8;35;7
2800020;443268;4474563;120;15.8;35;6
2800020;443268;4474563;240;15.8;35;7
2800021;440729;4482388;0;15.8;29;5
2800021;440729;4482388;120;15.8;29;7
2800021;440729;4482388;240;15.8;29;7
2800023;440449;4474646;0;16;47;16
2800026;444379;4479303;0;16.1;35;12
2800026;444379;4479303;120;16.1;35;11
2800026;444379;4479303;240;16.1;35;12
2800027;440373;4476062;0;17;39.45;10
2800027;440373;4476062;120;17;39.45;10
2800027;440373;4476062;240;17;39.45;12
2800030;439676;4473814;330;16;23;7
2800030;439676;4473814;120;16;23;7
2800030;439676;4473814;240;16;23;8
2800030;439676;4473814;60;15.9;23;7
2800034;443736;4480627;0;16.6;32;12
2800034;443736;4480627;120;16.6;32;15
2800034;443736;4480627;240;16.6;32;15
2800041;451664;4477445;0;16;44;8
2800041;451664;4477445;120;16;44;8
2800041;451664;4477445;240;16;44;6
2800042;442658;4473121;0;15.1;48;9
2800042;442658;4473121;120;15.2;48;13
2800042;442658;4473121;240;15.2;48;13
2800044;446065;4472408;0;16.4;33.1;8
2800044;446065;4472408;120;16.4;33.1;14
2800044;446065;4472408;240;16.4;33.1;10
2800046;438528;4480778;10;17;33.7;7
2800046;438528;4480778;120;17;33.7;8
2800046;438528;4480778;240;17;33.7;11
2800047;440660;4472202;0;14.4;39;8
2800047;440660;4472202;120;14.4;39;8
2800047;440660;4472202;240;14.4;39;9
2800051;443440;4477547;0;15.8;32.85;9
2800051;443440;4477547;120;15.8;32.85;12
2800051;443440;4477547;240;15.8;32.85;10
2800052;440571;4477008;0;15.9;48;12
2800052;440571;4477008;120;15.9;48;13
2800052;440571;4477008;240;15.9;48;13
2800055;440791;4478667;0;15.8;38;6
2800055;440791;4478667;120;15.8;38;11
2800055;440791;4478667;240;15.8;38;9
2800059;445126;4471024;0;15.9;26.75;3
2800059;445126;4471024;120;15.3;26.75;6
2800059;445126;4471024;240;15.9;26.75;5
2800061;443540;4475934;0;15.1;29;7
2800061;443540;4475934;85;18.3;29;14
2800061;443540;4475934;115;18.3;29;11
2800061;443540;4475934;240;15.1;29;6
2800067;439594;4476494;0;15.1;38.6;10
2800067;439594;4476494;120;15.1;38.6;6
2800067;439594;4476494;240;15.1;38.6;12
2800087;447320;4479621;60;15.8;24;8
2800087;447320;4479621;200;15.8;24;9
2800087;447320;4479621;290;15.8;24;9
2800096;438797;4477417;0;14.6;33;12
2800096;438797;4477417;120;14.6;33;7
2800096;438797;4477417;240;14.6;33;10
2800097;435904;4469036;0;16.4;23.7;8
2800097;435904;4469036;120;16.4;23.7;8
2800097;435904;4469036;240;16.4;23.7;6
2800098;440343;4470292;0;15;30.78;11
2800098;440343;4470292;120;15;30.78;12
2800098;440343;4470292;240;15;30.78;9
2800099;437343;4470992;0;16;29;11
2800099;437343;4470992;120;16;29;11
2800099;437343;4470992;240;16;29;11
2800100;441220;4475654;0;15.9;29;13
2800100;441220;4475654;120;15.9;29;13
2800100;441220;4475654;240;15.9;29;10
2800101;443786;4469816;0;15.1;33;14
2800101;443786;4469816;120;15.1;33;8
2800101;443786;4469816;240;15.1;33;12
2800102;439815;4474647;0;15;67;6
2800102;439815;4474647;120;15;67;6
2800102;439815;4474647;240;15;67;12
2800106;435576;4477938;30;15;17;8
2800106;435576;4477938;130;15;19;12
2800106;435576;4477938;230;15;28;11
2800110;440747;4477628;310;15.3;41.7;6
2800110;440747;4477628;95;15.3;41.7;7
2800110;440747;4477628;220;15.3;41.7;6
2800116;440991;4472826;0;15.1;40;6
2800116;440991;4472826;120;15.1;32;4
2800116;440991;4472826;240;15.1;32;9
2800117;446593;4476012;0;15.1;36;12
2800117;446593;4476012;160;15.3;36;13
2800117;446593;4476012;270;15.1;36;13
2800121;440883;4466101;0;17;28.68;10
2800121;440883;4466101;120;17;28.68;13
2800121;440883;4466101;240;17;28.68;13
2800134;447791;4475458;0;15.3;28;10
2800134;447791;4475458;120;15.3;28;10
2800134;447791;4475458;240;15.3;28;7
2800144;442666;4471832;0;15;29;8
2800144;442666;4471832;120;15;29;8
2800144;442666;4471832;240;15;29;12
2800145;444539;4468579;15;14.4;36.5;12
2800145;444539;4468579;130;14.4;36.5;13
2800145;444539;4468579;250;14.4;36.5;9
2800146;444959;4473256;0;16.8;25;3
2800146;444959;4473256;120;16.8;33;3
2800146;444959;4473256;240;16.8;25;3
2800147;445221;4478840;0;15.8;28.25;4
2800147;445221;4478840;120;15.8;28.25;9
2800147;445221;4478840;240;15.8;28.25;6
2800148;437618;4475908;0;15.1;55;12
2800148;437618;4475908;120;15.1;55;12
2800148;437618;4475908;240;15.1;55;12
2800156;440261;4480861;0;16;31.3;8
2800156;440261;4480861;120;16;31.3;7
2800156;440261;4480861;240;16;31.3;8
2800157;436297;4480268;0;16;22.2;4
2800157;436297;4480268;80;16;22.2;12
2800157;436297;4480268;170;16;22.2;3
2800158;442254;4484799;350;16;33;13
2800158;442254;4484799;90;16;33;12
2800158;442254;4484799;240;16;23;10
2800160;439672;4473094;75;17;24.05;6
2800160;439672;4473094;180;17;24.25;9
2800160;439672;4473094;345;17;23.7;7
2800162;438983;4481476;65;14.9;33.2;5
2800162;438983;4481476;185;14.9;33.2;10
2800162;438983;4481476;320;14.9;33.2;10
2800163;442395;4478579;0;14.4;26.64;8
2800163;442395;4478579;120;14.4;26.64;5
2800163;442395;4478579;240;14.4;26.64;5
2800172;441851;4478870;0;15.3;54;14
2800172;441851;4478870;120;15.3;54;15
2800172;441851;4478870;240;15.3;54;15
2800175;433721;4478954;0;15.3;20;5
2800175;433721;4478954;120;15.3;20;4
2800175;433721;4478954;240;15.3;20;7
2800177;443633;4471792;0;15.8;32;6
2800177;443633;4471792;120;15.8;32;6
2800177;443633;4471792;240;15.8;32;6
2800180;441304;4479194;0;14.9;50.5;15
2800180;441304;4479194;120;14.9;50.5;14
2800180;441304;4479194;270;14.9;51;16
2800181;450816;4479477;20;16.3;24;0
2800181;450816;4479477;120;16.3;24;0
2800181;450816;4479477;240;16.3;24;0
2800184;436275;4471374;0;16.1;21;12
2800184;436275;4471374;120;16.1;21;9
2800184;436275;4471374;240;16.1;21;6
2800185;442060;4467890;0;14.7;36.5;10
2800185;442060;4467890;130;14.7;37;6
2800185;442060;4467890;240;14.7;35.8;5
2800194;447320;4474068;70;16;24.5;10
2800194;447320;4474068;190;16;24.5;6
2800194;447320;4474068;280;16;24.5;10
2800199;442740;4476714;0;16;37.5;16
2800199;442740;4476714;105;16;37.5;13
2800199;442740;4476714;255;16;37.5;13
2800201;432718;4470177;20;16;21;7
2800201;432718;4470177;120;16;21;8
2800201;432718;4470177;240;16;21;6
2800202;444945;4474346;0;15;23.5;14
2800202;444945;4474346;120;15;23.5;14
2800202;444945;4474346;240;15;23.5;14
2800203;441564;4476567;0;15.8;32;2
2800203;441564;4476567;120;15.8;32;5
2800203;441564;4476567;240;15.8;32;5
2800205;439538;4490041;0;15;28.95;7
2800205;439538;4490041;140;15;27.9;9
2800209;440580;4472984;15;15.1;29.25;6
2800209;440580;4472984;120;15.1;25.5;8
2800209;440580;4472984;255;15.1;29.25;8
2800210;442050;4480353;0;15.3;58.35;10
2800210;442050;4480353;120;15.3;58.35;12
2800210;442050;4480353;240;15.3;58.35;14
2800214;446953;4474732;0;14.8;21;8
2800214;446953;4474732;120;14.8;22;8
2800214;446953;4474732;240;14.8;24;8
2800215;438112;4471348;0;16;24;9
2800215;438112;4471348;120;16;24;9
2800215;438112;4471348;240;16;24;7
2800219;440300;4474066;0;17;30;12
2800219;440300;4474066;120;17;30;14
2800219;440300;4474066;240;16.5;30;13
2800220;441296;4474187;0;15;27.2;7
2800220;441296;4474187;120;15;27.2;6
2800220;441296;4474187;240;15;27.2;6
2800222;442063;4476108;0;14.6;32.4;6
2800222;442063;4476108;120;14.6;32.4;5
2800222;442063;4476108;240;14.6;32.4;8
2800227;440731;4471061;0;15.8;47.4;11
2800227;440731;4471061;120;15.8;47.4;11
2800227;440731;4471061;240;15.8;47.4;13
2800229;434251;4468509;10;15;23.69;6
2800229;434251;4468509;120;15;23.69;8
2800229;434251;4468509;285;15;23.69;6
2800236;442645;4474412;0;15;31.65;7
2800236;442645;4474412;120;15;31.65;11
2800236;442645;4474412;240;15;31.65;10
2800237;442194;4481781;0;16.1;33;12
2800237;442194;4481781;120;16.1;33;5
2800237;442194;4481781;240;16.1;33;8
2800240;439338;4468930;0;17;44.3;8
2800240;439338;4468930;140;17;44.3;8
2800240;439338;4468930;240;17;44.3;9
2800242;442507;4477944;0;17;34.8;9
2800242;442507;4477944;120;17;34.8;11
2800242;442507;4477944;240;17;34.8;11
2800243;442410;4479608;0;15.9;32;7
2800243;442410;4479608;120;15.9;32;7
2800243;442410;4479608;240;15.9;32;7
2800245;444888;4480737;0;16;34.5;14
2800245;444888;4480737;120;16.5;34.5;14
2800245;444888;4480737;240;16;24;12
2800246;440034;4475495;120;16;26;4
2800246;440034;4475495;220;16;26;3
2800249;437746;4473404;120;16;35;11
2800249;437746;4473404;240;16;35;10
2800253;446599;4470528;0;15.8;29;7
2800253;446599;4470528;120;15.8;29;10
2800253;446599;4470528;240;15.8;29;7
2800254;434809;4470193;0;15;24;6
2800254;434809;4470193;120;15;24;9
2800254;434809;4470193;240;15;24;5
2800262;439509;4471173;0;15.9;30;7
2800262;439509;4471173;120;15.9;30;7
2800262;439509;4471173;240;15.9;30;7
2800267;448948;4472591;0;15.1;28.7;7
2800267;448948;4472591;120;15.1;28.7;9
2800267;448948;4472591;240;15.1;28.7;7
2800270;430255;4470386;345;16.1;17;6
2800270;430255;4470386;105;16.1;17;6
2800276;442279;4474809;20;16;33.5;9
2800276;442279;4474809;120;16;33.5;11
2800276;442279;4474809;240;16;32.5;13
2800278;442750;4475085;40;15.3;43.5;11
2800278;442750;4475085;140;15.3;43.5;14
2800278;442750;4475085;240;15.3;43.5;14
2800279;441180;4477574;0;16.1;34.66;9
2800279;441180;4477574;120;16.1;34.66;6
2800279;441180;4477574;240;16.1;34.66;6
2800284;438902;4473317;10;16;29;9
2800284;438902;4473317;120;16;29;6
2800284;438902;4473317;240;16;29;5
2800291;437882;4477574;40;15.1;29;10
2800291;437882;4477574;150;15.1;29;10
2800291;437882;4477574;260;15.1;29;10
2800303;439679;4465773;0;16;37;15
2800303;439679;4465773;120;16;37;13
2800303;439679;4465773;240;16;37;11
2800304;439330;4475757;0;15;33;10
2800304;439330;4475757;120;15;33;11
2800304;439330;4475757;240;15;33;19
2800306;441241;4478139;340;18.3;60;7
2800306;441241;4478139;20;18.3;60;22
2800306;441241;4478139;170;18.3;60;18
2800306;441241;4478139;210;18.3;60;13
2800307;441660;4479633;310;15.3;24;12
2800307;441660;4479633;120;15.3;24;9
2800307;441660;4479633;210;15.3;24;8
2800309;438463;4483002;0;15.1;34;4
2800309;438463;4483002;120;15.1;34;4
2800309;438463;4483002;240;15.1;34;4
2800310;444888;4481510;0;15.1;25;5
2800310;444888;4481510;120;15.1;25;3
2800310;444888;4481510;240;15.1;25;3
2800313;439393;4479856;350;15.3;30.35;13
2800313;439393;4479856;120;15.3;30.35;10
2800313;439393;4479856;250;15.3;30.35;10
2800331;433840;4486901;0;15.9;29;6
2800331;433840;4486901;150;15.9;29;3
2800331;433840;4486901;240;15.9;29;4
2800352;440190;4474345;0;15.1;28.5;9
2800352;440190;4474345;115;18.3;28.5;8
2800352;440190;4474345;175;18.3;28.5;8
2800352;440190;4474345;240;15.1;28.5;10
2800353;433511;4477853;0;15.1;29;8
2800353;433511;4477853;120;15.1;29;12
2800353;433511;4477853;240;15.1;29;10
2800354;437166;4480790;65;14.6;35.5;8
2800354;437166;4480790;180;14.6;35.5;8
2800354;437166;4480790;305;14.6;35.5;8
2800355;441630;4475731;0;14.6;37;9
2800355;441630;4475731;120;14.6;37;10
2800355;441630;4475731;240;14.6;37;9
2800356;442781;4476170;0;16;31.88;10
2800356;442781;4476170;120;16;31.88;13
2800356;442781;4476170;240;16;31.88;12
2800357;442099;4475770;15;15.1;33;7
2800357;442099;4475770;120;15.1;33;9
2800360;446492;4477634;335;15.8;31;9
2800360;446492;4477634;95;15.8;31;9
2800360;446492;4477634;205;15.8;31;10
2800361;440677;4484918;70;14.4;29.09;3
2800361;440677;4484918;170;14.4;29.09;3
2800361;440677;4484918;240;14.4;29.09;12
2800362;441420;4471782;0;15.3;35;9
2800362;441420;4471782;120;15.3;35;12
2800362;441420;4471782;240;15.3;35;12
2800364;436150;4473178;20;17;36;20
2800364;436150;4473178;120;17;36;13
2800364;436150;4473178;190;17;36;9
2800364;436150;4473178;85;17;36;18
2800367;439153;4479317;345;14.6;17;13
2800367;439153;4479317;130;14.6;19;5
2800367;439153;4479317;240;14.6;19;5
2800368;440085;4478703;15;15.1;33;7
2800368;440085;4478703;120;15.1;33;5
2800368;440085;4478703;240;15.1;33;8
2800370;432705;4478571;0;15.1;23;6
2800370;432705;4478571;140;15.1;23;10
2800370;432705;4478571;250;15.1;23;7
2800371;438473;4479621;10;16;26;16
2800371;438473;4479621;120;16;26;14
2800371;438473;4479621;240;16;26;14
2800376;439049;4471925;5;15.3;29.5;8
2800376;439049;4471925;125;15.3;29.5;8
2800376;439049;4471925;245;15.3;29.5;8
2800377;443581;4470990;0;16;28;7
2800377;443581;4470990;110;16;28.22;8
2800377;443581;4470990;240;16;28;11
2800378;436894;4473389;0;15.5;8;10
2800378;436894;4473389;120;15.5;8;10
2800378;436894;4473389;240;15.5;8;9
2800380;438308;4473977;0;15.1;29.5;15
2800380;438308;4473977;120;15.1;29.5;18
2800380;438308;4473977;240;15.1;29.5;15
2800381;438839;4475770;70;14.6;32;7
2800381;438839;4475770;160;14.6;32;8
2800381;438839;4475770;290;14.6;32;9
2800382;443763;4476617;0;15.3;50;7
2800382;443763;4476617;120;15.3;50;9
2800382;443763;4476617;240;15.3;50;5
2800383;444297;4478559;0;14.6;18.6;2
2800383;444297;4478559;120;14.6;18.6;3
2800383;444297;4478559;240;14.6;18.6;6
2800384;440738;4473707;0;15;23.08;7
2800384;440738;4473707;120;15;23.08;7
2800384;440738;4473707;240;15;23.08;6
2800385;439834;4476065;0;15.8;30;7
2800385;439834;4476065;110;15.8;30;11
2800385;439834;4476065;250;15.8;30;11
2800390;437732;4470044;0;15.3;43.85;14
2800390;437732;4470044;120;15.3;43.85;14
2800390;437732;4470044;240;15.3;43.85;14
2800391;436102;4469710;60;15.1;26;12
2800391;436102;4469710;170;15.1;26;9
2800391;436102;4469710;350;15.1;26;12
2800392;440962;4476668;0;14.6;33;10
2800392;440962;4476668;120;14.6;33;12
2800392;440962;4476668;240;14.6;33;11
2800393;444912;4475384;350;15.1;42.5;3
2800393;444912;4475384;105;15.1;42.5;4
2800393;444912;4475384;230;15.1;39;3
2800394;446076;4476654;0;14.6;28;8
2800394;446076;4476654;120;14.6;28;11
2800394;446076;4476654;240;14.6;28;8
2800398;440646;4475588;0;15.9;32.93;14
2800398;440646;4475588;120;15.9;32.93;16
2800398;440646;4475588;240;15.9;32.93;18
2800399;443736;4473783;0;15.1;43.19;5
2800399;443736;4473783;110;15.1;43.19;7
2800399;443736;4473783;250;15.1;43.19;8
2800400;440489;4479769;0;15.9;20.05;8
2800400;440489;4479769;120;15.9;20.05;4
2800400;440489;4479769;240;15.9;20.05;8
2800401;447654;4477984;0;15.3;23;8
2800401;447654;4477984;90;15.3;23;6
2800401;447654;4477984;240;15.3;23;6
2800406;440549;4473343;0;16.4;29;6
2800406;440549;4473343;120;16.4;29;8
2800406;440549;4473343;240;16.4;29;12
2800407;450612;4478065;0;15.8;27.59;11
2800407;450612;4478065;120;15.8;27.59;10
2800407;450612;4478065;240;15.8;27.59;11
2800408;452512;4477744;90;14.6;24.13;4
2800408;452512;4477744;270;14.6;24.13;8
2800412;445093;4477078;0;14.4;29.42;9
2800412;445093;4477078;120;14.4;29.42;10
2800412;445093;4477078;240;14.4;29.42;10
2800415;443516;4475298;0;15.9;29.08;10
2800415;443516;4475298;120;15.9;29.08;7
2800415;443516;4475298;240;15.9;29.08;8
2800417;435473;4471941;0;17;42.44;15
2800417;435473;4471941;120;17;42.44;13
2800417;435473;4471941;240;17;42.44;9
2800421;446427;4478849;350;15;19;13
2800421;446427;4478849;110;15;19;10
2800421;446427;4478849;230;15;19;10
2800422;437193;4482038;20;14;9;2
2800422;437193;4482038;220;10.1;5;0
2800423;436503;4482888;320;15.3;19;5
2800423;436503;4482888;100;15.3;19;5
2800427;444324;4471451;50;15.1;32.65;3
2800427;444324;4471451;130;15.1;32.65;4
2800427;444324;4471451;270;15.1;32.65;8
2800482;439963;4471674;342;16;28.5;13
2800482;439963;4471674;106;16;28.5;10
2800482;439963;4471674;229;16;28;6
2800485;442184;4469954;340;16.4;21.5;7
2800485;442184;4469954;170;16.4;23.8;10
2800485;442184;4469954;260;16.4;21.5;10
2800487;437095;4471817;0;17;25.75;8
2800487;437095;4471817;120;17;23.35;10
2800487;437095;4471817;240;17;25.75;7
2800488;443101;4478497;340;14.6;35.2;10
2800488;443101;4478497;120;14.6;35.2;11
2800488;443101;4478497;240;14.6;35.2;9
2800489;440135;4473379;80;15;29.2;12
2800489;440135;4473379;290;15;29.2;12
2800512;442067;4489256;90;16.9;30;9
2800512;442067;4489256;240;16.9;30;9
2800513;430381;4480475;110;17;26.3;4
2800513;430381;4480475;290;17;26.3;4
2800566;437345;4484988;90;14.6;29.1;7
2800566;437345;4484988;180;14.6;29.1;17
2800566;437345;4484988;270;14.6;29.1;8
2800584;448301;4470914;35;14.4;36.91;8
2800584;448301;4470914;180;14.4;38.91;14
2800584;448301;4470914;250;14.4;36.91;14
2800622;441009;4468072;330;16;27.5;8
2800622;441009;4468072;120;16;27.5;9
2800622;441009;4468072;240;16;27.5;6
2800624;441511;4464994;310;16;29;11
2800624;441511;4464994;120;16;29;17
2800624;441511;4464994;210;16;29;11
2800639;449441;4480382;30;15.9;10.8;8
2800639;449441;4480382;150;15.9;10.8;2
2800639;449441;4480382;270;15.9;10.8;4
2800659;440687;4488285;340;15;19;10
2800659;440687;4488285;60;15;19;9
2800659;440687;4488285;140;15;19;8
2800709;441888;4480828;350;16;24.3;10
2800709;441888;4480828;130;16;24.3;10
2800709;441888;4480828;210;16;24.3;9
2800723;440576;4479292;0;16;25.7;6
2800723;440576;4479292;150;16;24.7;4
2800723;440576;4479292;240;16;25.7;7
2800741;441581;4483260;0;17;27.5;9
2800741;441581;4483260;90;17;27.5;8
2800741;441581;4483260;220;17;27.5;8
2800743;436641;4478573;350;17;23.7;4
2800743;436641;4478573;140;17;23.7;6
2800743;436641;4478573;230;17;23.7;7
2800744;438686;4474866;350;15;37;5
2800744;438686;4474866;110;15;37;7
2800744;438686;4474866;230;15;37;10
2800746;437791;4468418;0;16.4;34.05;12
2800746;437791;4468418;110;16.4;34.05;9
2800746;437791;4468418;240;16.4;34.05;12
2800748;444018;4472271;40;16.4;33;11
2800748;444018;4472271;150;16.4;33;13
2800748;444018;4472271;260;16.4;33;7
2800751;444422;4475947;10;15.9;30.5;9
2800751;444422;4475947;120;15.9;30.5;10
2800751;444422;4475947;240;15.9;30.5;10
2800754;446865;4469964;0;16;20;10
2800754;446865;4469964;120;16;20;8
2800754;446865;4469964;240;16;20;4
2800755;445759;4469619;0;15.3;33.35;10
2800755;445759;4469619;120;15.3;33.35;12
2800755;445759;4469619;240;15.3;34.4;15
2800757;446045;4480663;0;16;43;6
2800757;446045;4480663;110;16;43;10
2800757;446045;4480663;260;16;43;14
2800758;450171;4478349;0;14.5;25.6;4
2800758;450171;4478349;120;14.5;25.6;6
2800758;450171;4478349;240;14.5;25.6;10
2800762;445953;4473436;25;16.4;39;11
2800762;445953;4473436;145;16.4;39;13
2800762;445953;4473436;265;16.4;39;11
2800764;440305;4477864;20;16;27.9;9
2800764;440305;4477864;140;16;27.9;7
2800764;440305;4477864;240;16;27.9;10
2800775;444057;4473084;10;16;34.5;6
2800775;444057;4473084;120;16;34.5;6
2800775;444057;4473084;240;16;34.5;8
2800777;447884;4479298;0;16.4;27.25;8
2800777;447884;4479298;80;16.4;27.25;13
2800777;447884;4479298;240;16.4;27.25;13
2800783;435361;4480487;55;15.5;14;3
2800783;435361;4480487;315;15.5;11;0
2800786;442204;4476592;0;15.1;36;6
2800786;442204;4476592;120;15.1;33;3
2800786;442204;4476592;240;15.1;33;6
2800791;447481;4472087;340;15.1;22;5
2800791;447481;4472087;100;15.1;22;12
2800791;447481;4472087;250;15.1;22;12
2800792;431891;4481793;90;16;21;9
2800792;431891;4481793;150;16;21;9
2800792;431891;4481793;240;16;21;9
2800796;440145;4474771;10;15.1;33.3;8
2800796;440145;4474771;80;15.3;33.3;8
2800796;440145;4474771;300;15.1;33.3;5
2800905;442507;4475690;0;15.3;31.8;6
2800905;442507;4475690;100;15.3;31.8;6
2800905;442507;4475690;240;15.3;31.8;4
2800910;439759;4470396;0;15.3;18.2;8
2800910;439759;4470396;120;15.3;18.2;9
2800910;439759;4470396;240;15.3;18.2;9
2800911;442867;4474080;0;15.3;29.3;9
2800911;442867;4474080;120;15.3;29.8;13
2800911;442867;4474080;240;15.3;29.8;10
2800919;440035;4481949;0;16;28.5;9
2800919;440035;4481949;120;16;28.5;7
2800919;440035;4481949;240;16;28.5;7
2800921;440674;4483005;40;14.9;35.2;5
2800921;440674;4483005;40;15.1;35.2;5
2800921;440674;4483005;40;14.9;35.2;5
2800922;443171;4475198;0;17;33;10
2800922;443171;4475198;120;17;33;10
2800922;443171;4475198;240;17;33;13
2800927;440002;4476920;30;15.3;33.85;11
2800927;440002;4476920;180;15.3;34.05;12
2800927;440002;4476920;270;15.3;33.85;11
2800930;438437;4478238;355;15.1;26;11
2800930;438437;4478238;120;15.1;26;13
2800930;438437;4478238;205;15.1;26;14
2800931;447248;4476569;0;14.6;29.5;5
2800931;447248;4476569;120;14.6;29.5;6
2800931;447248;4476569;240;14.6;31.5;5
2800932;441026;4469846;0;17;28.2;11
2800932;441026;4469846;120;17;28.2;10
2800932;441026;4469846;240;17;28.2;9
2800936;440876;4479281;25;15;30.1;6
2800936;440876;4479281;125;15;30.1;4
2800936;440876;4479281;240;15;30.1;8
2800937;439062;4476383;345;15.3;35.3;8
2800937;439062;4476383;100;15.3;35.3;4
2800937;439062;4476383;235;15.3;35.3;9
2800939;443160;4476415;340;15.3;29.42;9
2800939;443160;4476415;100;15.3;29.42;8
2800939;443160;4476415;220;15.3;29.42;6
2800941;438553;4470905;0;15.3;37;10
2800941;438553;4470905;120;15.3;37;10
2800941;438553;4470905;240;15.3;37;10
2800942;447611;4478603;100;15.8;23.95;9
2800942;447611;4478603;190;15.8;23.95;8
2800942;447611;4478603;320;15.8;23.95;6
2801305;452239;4468412;25;16.5;32;8
2801305;452239;4468412;220;16.5;32;7
2801306;449752;4466282;55;16.5;40;10
2801306;449752;4466282;250;16.5;40;10
2801307;447035;4465312;75;16.5;39;7
2801307;447035;4465312;235;16.5;39;9
2801307;447035;4465312;270;16.5;39;8
2801308;444203;4465715;325;17.1;25;9
2801308;444203;4465715;115;17.1;25;12
2801461;438148;4475125;50;15.1;48;6
2801461;438148;4475125;120;15.1;48;8
2801461;438148;4475125;340;15.1;48;8
2801463;440971;4474902;0;15.5;27.14;8
2801463;440971;4474902;120;15.5;27.14;9
2801463;440971;4474902;240;15.5;27.14;9
2801467;439783;4477632;0;15.5;37.02;2
2801467;439783;4477632;120;15.5;37.02;6
2801467;439783;4477632;240;15.5;36.04;8
2801468;439686;4479096;330;15;33;14
2801468;439686;4479096;200;15;34.5;14
2801468;439686;4479096;290;15;34.5;11
2801471;438513;4481998;25;14.5;16.78;9
2801471;438513;4481998;110;14.5;16.78;9
2801471;438513;4481998;260;14.5;16.78;9
2801487;444937;4470383;20;15.8;46.85;9
2801487;444937;4470383;110;15.8;46.85;15
2801487;444937;4470383;255;15.8;46.85;15
2801487;444937;4470383;310;15.8;46.85;11
2801488;445662;4470907;0;13.7;44.25;12
2801488;445662;4470907;140;13.7;44.25;14
2801488;445662;4470907;250;13.7;44.25;14
2801490;442334;4473118;40;14;30.31;2
2801490;442334;4473118;160;14;30.31;2
2801490;442334;4473118;260;14;30.31;2
2801491;442651;4470382;0;14.7;32.4;10
2801491;442651;4470382;60;14.7;32.4;10
2801491;442651;4470382;240;14.7;32.4;10
2801497;445702;4473052;330;14.5;35.12;9
2801497;445702;4473052;60;14.5;35.12;10
2801497;445702;4473052;145;14.5;35.12;11
2801499;446415;4475329;0;16;33;11.5
2801499;446415;4475329;120;16;33;9.5
2801499;446415;4475329;240;16;33;9.5
2801502;448085;4476706;0;14;21;9
2801502;448085;4476706;105;14;21;9
2801502;448085;4476706;240;14;21;9
2801503;447372;4474535;10;15.8;28;10
2801503;447372;4474535;110;15.8;28;10
2801503;447372;4474535;230;15.8;28;11
2801506;443644;4474376;0;14.7;53.4;19
2801506;443644;4474376;120;13.9;53.4;15
2801506;443644;4474376;240;13.9;53.4;15
2801516;443887;4478832;50;15;24.31;5
2801516;443887;4478832;150;15;24.26;8
2801516;443887;4478832;240;15;24.26;15
2801517;444961;4478581;0;14.8;13.35;6
2801517;444961;4478581;120;14.8;13.35;6
2801517;444961;4478581;240;14.8;13.35;6
2801519;443552;4479431;40;14.6;17.55;6
2801519;443552;4479431;120;14.6;17.55;9
2801520;444205;4480926;20;14.5;21.5;10
2801520;444205;4480926;140;14.5;21.5;3
2801520;444205;4480926;260;14.5;21.5;3
2801538;443116;4478667;0;15.3;32;4
2801538;443116;4478667;120;15.3;32;4
2801538;443116;4478667;240;15.3;32;4
2801539;443290;4476995;0;15.1;48.1;6
2801539;443290;4476995;100;15.1;48.1;6
2801539;443290;4476995;210;15.1;48.1;3
2801543;441904;4477586;320;14.6;19;7
2801543;441904;4477586;120;14.6;19;9
2801543;441904;4477586;240;14.6;19;8
2801545;439837;4474170;0;15.8;23.05;13
2801545;439837;4474170;120;15.8;23.75;11
2801545;439837;4474170;240;15.8;23.75;13
2801546;441142;4473147;30;15.5;31.5;10
2801546;441142;4473147;130;15.5;30.04;11
2801546;441142;4473147;280;15.5;32.5;10
2801550;443006;4477401;0;13.7;29;8
2801550;443006;4477401;120;13.7;29;8
2801550;443006;4477401;240;13.7;29;8
2801555;437492;4471930;350;14;17.25;10
2801555;437492;4471930;160;14;19.25;7
2801555;437492;4471930;270;14;19.25;8
2801556;439258;4470532;0;14.8;17;13
2801556;439258;4470532;120;14.8;17;15
2801556;439258;4470532;240;14.8;17;13
2801571;437081;4473068;40;15.3;21.7;6
2801571;437081;4473068;120;15.3;21.7;6
2801571;437081;4473068;210;15.3;21.7;6
2801598;450646;4480033;350;13.8;23.9;6
2801598;450646;4480033;120;13.8;22.9;10
2801598;450646;4480033;230;13.8;23.9;9
2801602;441634;4475262;325;16;27.29;9
2801602;441634;4475262;90;16;28.38;9
2801602;441634;4475262;200;16;27.29;13
2801638;445743;4480651;340;14.6;70.85;11
2801638;445743;4480651;120;14.6;69.35;11
2801638;445743;4480651;240;14.6;70.85;9
2801644;441952;4476123;350;14.4;29.5;6
2801644;441952;4476123;110;14.4;29.5;5
2801644;441952;4476123;230;14.4;29.5;5
2801647;443051;4479386;0;15.6;31.5;10
2801647;443051;4479386;120;15.6;31.5;8
2801647;443051;4479386;240;15.6;31.5;10
2801657;434745;4479236;40;15.3;14.05;10
2801657;434745;4479236;140;15.3;14.05;11
2801657;434745;4479236;240;15.3;14.05;9
2801663;439394;4476942;0;15.4;34;10
2801663;439394;4476942;120;15.4;34;10
2801663;439394;4476942;240;15.4;34;10
2801664;438571;4480049;0;15.5;29.04;7
2801664;438571;4480049;140;15.5;29.04;7
2801664;438571;4480049;240;15.5;29.04;7
2801687;440639;4476639;330;14.6;28;6
2801687;440639;4476639;70;14.6;28;6
2801687;440639;4476639;170;14.6;28;6
2801690;439920;4476307;340;15.3;27.2;6
2801690;439920;4476307;120;15.3;27.2;7
2801690;439920;4476307;250;15.3;27.2;8
2801692;440857;4475958;40;15.3;25;8
2801692;440857;4475958;120;15.3;25;10
2801692;440857;4475958;200;15.3;25;8
2801696;439639;4479551;0;16;18.4;10
2801696;439639;4479551;120;16;18.4;6
2801696;439639;4479551;240;16;18.4;4
2801698;441413;4480978;25;14.8;21.7;6
2801698;441413;4480978;130;14.8;21.7;6
2801698;441413;4480978;260;14.8;21.7;6
2801699;440553;4478791;320;15.3;37.03;15
2801699;440553;4478791;120;15.3;36.03;14
2801699;440553;4478791;240;15.3;36.03;9
2801700;440587;4477918;30;14.7;26.5;7
2801700;440587;4477918;120;14.7;26.5;5
2801700;440587;4477918;240;14.7;26.5;10
2801705;439415;4478071;350;15.3;28.6;5
2801705;439415;4478071;120;15.3;28.6;6
2801705;439415;4478071;240;15.3;28.6;10
2801711;445599;4475156;0;14.6;31;13
2801711;445599;4475156;120;14.6;31;13
2801711;445599;4475156;260;14.6;31;13
2801727;444005;4472934;330;14.6;30.91;9
2801727;444005;4472934;60;14.6;30.91;4
2801727;444005;4472934;150;14.6;30.91;6
2801730;442845;4483953;0;16.8;27;6
2801730;442845;4483953;120;16.8;27;6
2801730;442845;4483953;240;16.8;27;6
2801731;444354;4484024;355;15.5;28.34;8
2801731;444354;4484024;135;15.5;28.34;8
2801731;444354;4484024;225;15.5;28.34;10
2801760;448180;4472832;30;13.9;8;9
2801760;448180;4472832;120;13.9;8;9
2801760;448180;4472832;260;13.9;8;10
2801769;441837;4474780;0;16.7;29.5;10
2801769;441837;4474780;120;16.7;29.5;6
2801769;441837;4474780;240;16.7;29.65;10
2801780;437828;4471515;30;15.6;25.95;10
2801780;437828;4471515;150;15.6;25.95;10
2801780;437828;4471515;270;15.6;25.95;10
2801791;442886;4482718;320;16;39;6
2801791;442886;4482718;70;16;39;10
2801791;442886;4482718;140;16;39;8
2801828;449238;4475966;50;14.8;22;10
2801828;449238;4475966;130;14.8;25;10
2801828;449238;4475966;215;18.3;25;7
2801828;449238;4475966;250;18.3;25;7
2801888;443342;4475589;350;15.3;30.9;7
2801888;443342;4475589;110;15.3;30.4;12
2801888;443342;4475589;240;15.3;30.9;7
2801932;440404;4481995;110;16;39.9;6
2801932;440404;4481995;200;16;39.9;6
2801935;441511;4484573;50;16;14;8
2801935;441511;4484573;160;16;14;8
2801935;441511;4484573;250;16;14;7
2801938;444632;4477242;30;14.7;51.5;11
2801938;444632;4477242;130;14.7;51.5;9
2801938;444632;4477242;280;14.7;51.5;9
2801947;440869;4474568;0;15.5;24.76;9
2801947;440869;4474568;120;15.5;24.76;8
2801947;440869;4474568;230;15.5;24.76;8
2801948;440688;4473974;0;16.2;23;3
2801948;440688;4473974;120;16.2;23;2
2801948;440688;4473974;240;16.2;23;2
2801980;440166;4470631;0;16;17;8
2801980;440166;4470631;120;16;17;10
2801980;440166;4470631;240;16;17;8
2802015;449916;4477054;60;16;29;11
2802015;449916;4477054;110;16;29;9
2802015;449916;4477054;300;16;29;10
2802021;429605;4480475;0;13.7;25;8
2802021;429605;4480475;100;13.7;25;14
2802021;429605;4480475;290;13.7;25;5
2802026;448453;4472876;0;15.3;21.65;11
2802026;448453;4472876;120;15.3;21.65;14
2802026;448453;4472876;240;15.3;21.65;11
2802056;436036;4482044;340;16;30;9
2802056;436036;4482044;170;16;30;6
2802056;436036;4482044;240;16;30;9
2802057;454590;4478858;30;15.3;26.2;2
2802057;454590;4478858;150;15.3;26.2;2
2802057;454590;4478858;270;15.3;26.2;2
2802077;439810;4466508;0;15.3;17;5
2802077;439810;4466508;120;15.1;17;10
2802077;439810;4466508;240;15.1;17;5
2802109;441021;4475042;30;15.8;35;2
2802109;441021;4475042;140;15.8;35;9
2802109;441021;4475042;240;15.8;35;11
2802115;445069;4480214;0;16;40.3;7
2802115;445069;4480214;120;16;40.3;10
2802115;445069;4480214;240;16;40.3;9
2802117;441704;4479427;350;15;35;12
2802117;441704;4479427;120;15;35;12
2802117;441704;4479427;220;15;35;10
2802121;443434;4467693;0;15;28.8;10
2802121;443434;4467693;100;15;28.8;10
2802121;443434;4467693;270;15;23;14
2802127;443226;4481033;0;15;33;13
2802127;443226;4481033;120;15;33;12
2802127;443226;4481033;240;15;33;10
2802139;441979;4477335;0;15.1;20;7
2802139;441979;4477335;120;16.4;18;4
2802139;441979;4477335;240;16.4;18;4
2802140;442193;4478181;0;14.9;23.7;9
2802140;442193;4478181;90;14.9;23.7;9
2802140;442193;4478181;210;14.9;23.7;10
2802141;443098;4475697;0;14.7;35.3;8
2802141;443098;4475697;150;14.7;35.3;11
2802141;443098;4475697;240;14.7;35.3;7
2802142;441093;4479018;0;15.3;33.3;5
2802142;441093;4479018;120;15.3;33.3;6
2802142;441093;4479018;240;15.3;33.3;4
2802143;440380;4476606;10;14.4;29;5
2802143;440380;4476606;130;14.4;29;3
2802143;440380;4476606;240;14.4;29;9
2802146;440427;4475506;0;15.1;36;4
2802146;440427;4475506;120;15.1;36;6
2802146;440427;4475506;240;15.1;36;8
2802184;443122;4472214;0;15.3;31.03;10
2802184;443122;4472214;150;15.3;31.03;10
2802184;443122;4472214;240;15.3;31.03;10
2802185;441228;4471262;0;14.6;36.6;9
2802185;441228;4471262;120;14.6;36.6;9
2802185;441228;4471262;240;14.6;36.6;8
2802186;439858;4473546;30;14.5;32.5;20
2802186;439858;4473546;120;16.1;27.5;10
2802186;439858;4473546;240;16.1;32.5;12
2802186;439858;4473546;330;14.5;32.5;19
2802187;442398;4476777;5;16.8;33;8
2802187;442398;4476777;125;16.8;33;9
2802187;442398;4476777;245;16.8;33;10
2802189;443142;4473589;0;15.3;45;3
2802189;443142;4473589;120;15.3;45;6
2802189;443142;4473589;240;15.3;45;6
2802190;439160;4472256;0;14.5;8.35;10
2802190;439160;4472256;120;14.5;8.95;8
2802190;439160;4472256;240;14.5;8.95;10
2802192;445483;4472708;0;14.4;34.5;8
2802192;445483;4472708;120;14.4;34.5;9
2802192;445483;4472708;240;14.4;34.5;7
2802194;441064;4472272;0;16;34.6;10
2802194;441064;4472272;145;16;34.6;8
2802194;441064;4472272;250;16;34.6;10
2802195;440703;4471794;35;15.3;32.2;8
2802195;440703;4471794;135;15.3;32.2;11
2802195;440703;4471794;240;15.3;32.2;11
2802196;440756;4472588;0;14.6;31.1;6
2802196;440756;4472588;120;14.6;31.1;6
2802196;440756;4472588;240;14.6;31.1;11
2802200;441231;4476899;350;14.6;32.5;7
2802200;441231;4476899;120;14.6;32.5;8
2802200;441231;4476899;240;14.6;32.5;9
2802201;444996;4477400;340;16;21;8
2802201;444996;4477400;100;16;21;10
2802201;444996;4477400;190;16;21;8
2802203;441397;4476125;0;15.3;35;9
2802203;441397;4476125;120;15.3;33.67;10
2802203;441397;4476125;240;15.3;35;9
2802206;440772;4478304;0;16.5;28.5;10
2802206;440772;4478304;120;16.5;28.5;10
2802206;440772;4478304;240;16.5;28.5;10
2802212;446141;4479613;30;16;32.8;10
2802212;446141;4479613;120;16;32.8;12
2802212;446141;4479613;240;16;32.8;4
2802214;442809;4471276;350;15.8;28.5;11
2802214;442809;4471276;120;15.8;28.5;9
2802214;442809;4471276;220;15.8;28.5;11
2802215;442307;4472338;310;15.1;24;13
2802215;442307;4472338;60;15.1;24;9
2802215;442307;4472338;130;15.1;24;9
2802216;443603;4470448;0;14.6;21.5;9
2802216;443603;4470448;120;14.6;21.5;10
2802216;443603;4470448;240;14.6;21.5;12
2802290;441657;4474934;0;15.4;33.15;9
2802290;441657;4474934;120;15.4;33.15;8
2802290;441657;4474934;240;15.4;33.15;10
2802291;442604;4479043;0;15.9;30.5;12
2802291;442604;4479043;120;15.9;30.5;10
2802291;442604;4479043;240;15.9;30.5;10
2802294;442016;4478818;0;14.8;34.84;3
2802294;442016;4478818;120;14.8;34.84;8
2802294;442016;4478818;240;14.8;34.84;8
2802295;442682;4474786;0;14.6;29;9
2802295;442682;4474786;120;14.6;29;9
2802295;442682;4474786;240;14.6;29;8
2802299;438409;4476757;330;15.9;19.08;4
2802299;438409;4476757;105;15.9;19.08;3
2802299;438409;4476757;210;15.9;19.08;5
2802312;440360;4478365;30;14.4;34.35;6
2802312;440360;4478365;130;14.4;34.35;6
2802312;440360;4478365;240;14.4;34.35;8
2802322;441349;4476632;15;15.3;37;11
2802322;441349;4476632;135;15.3;37;11
2802322;441349;4476632;255;15.3;37;7
2802324;434735;4480787;90;14.9;20;6
2802324;434735;4480787;180;14.9;20;3
2802324;434735;4480787;350;14.9;20;3
2802333;440604;4474210;0;16.4;33.66;9
2802333;440604;4474210;130;16.4;33.66;12
2802333;440604;4474210;210;16.4;33.66;11
2802334;440942;4474176;340;15.8;32.5;11
2802334;440942;4474176;120;15.8;32.5;15
2802334;440942;4474176;250;15.8;32.5;9
2802340;433670;4469881;0;15.8;33.55;12
2802340;433670;4469881;110;15.8;33.55;8
2802340;433670;4469881;270;15.8;33.55;11
2802341;440214;4470999;0;16;16;13
2802341;440214;4470999;120;16;16;7
2802341;440214;4470999;240;16;16;7
2802342;439540;4472468;5;15.1;28.6;6
2802342;439540;4472468;145;15.1;28.6;8
2802342;439540;4472468;250;15.1;28.6;7
2802347;443538;4474842;0;16;25.96;8
2802347;443538;4474842;120;16;25.96;8
2802347;443538;4474842;240;16;25.96;8
2802349;436668;4470749;20;14.6;21;7
2802349;436668;4470749;130;14.6;21;11
2802349;436668;4470749;230;14.6;21;9
2802351;441982;4474968;0;15.3;23.8;7
2802351;441982;4474968;120;15.3;23.8;9
2802351;441982;4474968;240;15.3;25.9;17
2802354;444542;4478158;0;15.1;28;7
2802354;444542;4478158;120;15.1;28;8
2802354;444542;4478158;240;15.1;28;8
2802358;441746;4476452;0;14.6;27.2;11
2802358;441746;4476452;120;14.6;27.2;13
2802358;441746;4476452;240;14.6;27.2;13
2802367;440847;4475208;0;15.1;29.7;10
2802367;440847;4475208;120;15.1;29.7;8
2802367;440847;4475208;240;15.1;29.7;12
2802370;442755;4480762;355;13.7;45.55;8
2802370;442755;4480762;90;13.7;45.55;6
2802370;442755;4480762;240;13.7;45.55;7
2802373;443044;4481575;5;17;28.5;10
2802373;443044;4481575;120;17;28.5;10
2802373;443044;4481575;240;17;28.5;7
2802375;436727;4472860;20;14.6;22.88;5
2802375;436727;4472860;140;14.6;22.88;5
2802375;436727;4472860;260;14.6;22.88;6
2802376;437107;4472787;15;14.4;19;7
2802376;437107;4472787;120;16;20;9
2802376;437107;4472787;240;14.4;19;8
2802385;441423;4478706;20;15.1;48;11
2802385;441423;4478706;120;15.1;48;11
2802385;441423;4478706;240;15.1;48;13
2802388;439432;4476309;0;16;34.39;9
2802388;439432;4476309;120;16;34.39;7
2802388;439432;4476309;240;16;34.39;12
2802392;440624;4474555;20;16.4;29.65;9
2802392;440624;4474555;140;16.4;29.65;9
2802392;440624;4474555;240;16.4;29.65;11
2802394;433680;4479554;10;15.3;24.2;8
2802394;433680;4479554;110;15.3;24.2;11
2802394;433680;4479554;270;15.3;24.2;8
2802402;447788;4475786;0;13.9;49.5;11
2802402;447788;4475786;120;13.9;49.5;13
2802402;447788;4475786;240;13.9;49.5;13
2802404;441439;4474461;350;15.3;26;9
2802404;441439;4474461;90;15.3;26;11
2802404;441439;4474461;240;15.3;26;9
2802413;442997;4484951;330;15.1;27.5;4
2802413;442997;4484951;120;15.1;30.5;8
2802413;442997;4484951;240;15.1;30.5;7
2802417;440881;4477299;0;17;24.8;9
2802417;440881;4477299;135;17;25.23;7
2802417;440881;4477299;240;17;24.8;8
2802418;443781;4475533;0;15.1;26;8
2802418;443781;4475533;120;15.1;26;8
2802418;443781;4475533;240;15.1;26;6
2802422;440016;4482700;0;16;4.7;6
2802422;440016;4482700;150;16;5;5
2802422;440016;4482700;270;16;4.7;7
2802423;439866;4474455;0;13.9;25.9;2
2802423;439866;4474455;120;13.9;25.9;6
2802423;439866;4474455;240;13.9;25.9;7
2802430;447109;4478740;0;15.3;20;9
2802430;447109;4478740;120;15.3;20;9
2802430;447109;4478740;240;15.3;20;6
2802434;445540;4475679;330;15.1;24.94;4
2802434;445540;4475679;140;15.1;24.94;7
2802434;445540;4475679;215;15.1;24.94;7
2802435;436579;4469211;0;16;21.5;7
2802435;436579;4469211;120;16;21.5;5
2802435;436579;4469211;240;16;21.5;4
2802437;441351;4468806;0;15.3;29;3
2802437;441351;4468806;120;15.3;29;6
2802437;441351;4468806;240;15.3;32.25;6
2802447;444797;4472356;350;15;65;10
2802447;444797;4472356;110;15;43.5;12
2802447;444797;4472356;200;15;42.5;12
2802450;438979;4473881;0;16;31;3
2802450;438979;4473881;120;16;31;6
2802450;438979;4473881;220;16;31;4
2802451;439185;4473033;20;14.7;24.56;8
2802451;439185;4473033;90;14.7;24.56;10
2802451;439185;4473033;215;14.7;24.56;10
2802458;444779;4476908;0;15;29.9;6
2802458;444779;4476908;120;15;29.9;6
2802458;444779;4476908;240;15;29.9;6
2802461;438836;4471369;0;14.6;19.1;7
2802461;438836;4471369;120;14.6;19.1;7
2802461;438836;4471369;240;14.6;19.1;9
2802473;440144;4472895;0;13.9;3.7;6
2802473;440144;4472895;150;13.9;3.7;6
2802473;440144;4472895;240;13.9;3.7;6
2802477;437637;4471402;0;14.6;27.6;10
2802477;437637;4471402;120;14.6;28.1;10
2802477;437637;4471402;240;14.6;28.1;10
2802478;438027;4470490;10;15.5;25.59;5
2802478;438027;4470490;120;15.5;24.12;3
2802478;438027;4470490;240;15.5;24.12;5
2802482;446731;4476715;330;14.6;27.52;8
2802482;446731;4476715;120;14.6;27.52;9
2802482;446731;4476715;210;14.6;27.52;6
2802483;440258;4473798;0;15.3;27;8
2802483;440258;4473798;120;15.3;27;8
2802483;440258;4473798;240;15.3;27;8
2802487;439925;4470822;320;16;21;6
2802487;439925;4470822;120;16;21;10
2802487;439925;4470822;240;16;21;5
2802491;438340;4473168;50;16;20.76;4
2802491;438340;4473168;120;16;20.76;2
2802491;438340;4473168;240;16;20.76;1
2802559;441052;4479376;0;15.8;17.04;7
2802559;441052;4479376;120;15.8;17.04;4
2802559;441052;4479376;220;15.8;17.04;6
2802584;439435;4465045;0;13.7;29.14;11
2802584;439435;4465045;120;13.7;29.14;12
2802584;439435;4465045;240;13.7;29.14;12
2802630;447352;4469390;0;15.1;21;7
2802630;447352;4469390;120;15.1;21;7
2802630;447352;4469390;240;15.1;21;9
2802631;448970;4470215;100;15.8;29;13
2802631;448970;4470215;170;15.8;29;11
2802631;448970;4470215;270;15.8;29;11
2802632;450154;4468768;310;15.3;26.3;14
2802632;450154;4468768;120;15.3;26.3;12
2802632;450154;4468768;215;15.3;26.3;8
2802682;443648;4466305;330;15.3;29;10
2802682;443648;4466305;150;15.3;29;6
2802682;443648;4466305;270;15.3;29;10
2802763;441580;4472424;0;15.3;26;6
2802763;441580;4472424;120;15.3;26;8
2802763;441580;4472424;240;15.3;26;8
2802764;439138;4469276;0;14.4;38.9;8
2802764;439138;4469276;120;14.4;38.9;10
2802764;439138;4469276;240;14.4;38.9;7
2802765;441248;4467541;0;15.3;25.15;8
2802765;441248;4467541;110;15.3;25.15;6
2802765;441248;4467541;240;15.3;25.15;6
2802767;441971;4471916;0;15.3;18.76;9
2802767;441971;4471916;180;15.3;18.76;9
2802767;441971;4471916;260;15.3;18.76;6
2802769;435224;4470859;330;16.5;11.5;6
2802769;435224;4470859;90;16.5;11.5;6
2802769;435224;4470859;210;16.5;11.5;6
2802770;436993;4469853;330;13.9;16.4;10
2802770;436993;4469853;90;13.9;16.4;8
2802770;436993;4469853;210;13.9;16.4;9
2802773;441992;4466013;0;15.1;29;8
2802773;441992;4466013;120;15.1;29;9
2802773;441992;4466013;240;15.1;29;8
2802775;453391;4477777;110;17;24;9
2802775;453391;4477777;190;17;24;9
2802775;453391;4477777;270;17;24;9
2802776;443067;4473074;0;15.3;33.3;6
2802776;443067;4473074;130;15.3;33.3;11
2802776;443067;4473074;250;15.3;33.3;9
2802778;444937;4473434;10;15;37.06;5
2802778;444937;4473434;130;15;37.06;6
2802778;444937;4473434;250;15;37.06;10
2802786;441266;4473024;0;15.1;27.5;2
2802786;441266;4473024;120;15.1;27.5;5
2802786;441266;4473024;240;15.1;27.5;7
2802787;443452;4471632;100;14.7;16.8;7
2802787;443452;4471632;210;14.7;18.8;10
2802787;443452;4471632;340;14.7;18.8;12
2802789;450213;4479384;310;16;12;6
2802789;450213;4479384;40;16;12;12
2802789;450213;4479384;240;16;12;12
2802792;444678;4469485;0;17;31;4
2802792;444678;4469485;120;17;31;6
2802792;444678;4469485;240;17;31;8
2802797;441985;4467021;0;14;26.2;10
2802797;441985;4467021;120;14;26.2;8
2802797;441985;4467021;240;14;26.2;8
2802798;446988;4471311;0;15.1;29.25;6
2802798;446988;4471311;120;15.1;29.25;9
2802798;446988;4471311;240;15.1;29.25;9
2802799;450411;4473859;20;15.3;30;10
2802799;450411;4473859;140;15.3;30;10
2802799;450411;4473859;260;15.3;30;8
2802884;444770;4470681;330;14.5;20.85;4
2802884;444770;4470681;70;14.5;20.85;5
2802884;444770;4470681;240;14.5;20.85;8
2802885;445563;4472186;35;16.2;19.85;6
2802885;445563;4472186;140;16.2;19.85;5
2802885;445563;4472186;270;16.2;19.85;7
2802886;446554;4473410;0;14.5;27.22;7
2802886;446554;4473410;120;14.5;27.22;9
2802886;446554;4473410;240;14.5;27.22;7
2802887;444892;4473038;90;16.4;32.65;11
2802887;444892;4473038;180;16.4;32.65;11
2802887;444892;4473038;250;16.4;32.65;11
2802933;446139;4476207;0;16;33.8;6
2802933;446139;4476207;120;16;33.8;12
2802933;446139;4476207;230;16;33.8;6
2802938;447031;4476729;10;16;30.45;12
2802938;447031;4476729;120;16;32.45;12
2802938;447031;4476729;240;16;32.45;11
2802945;441690;4480572;40;16;28.8;8
2802945;441690;4480572;150;16;28.8;8
2802945;441690;4480572;310;16;31;12
2802967;454655;4473054;75;15.3;29;11
2802967;454655;4473054;180;15.3;29;8
2802967;454655;4473054;300;15.3;29;8
2802971;442662;4474547;330;15.1;31;10
2802971;442662;4474547;120;15.1;31;11
2802971;442662;4474547;220;15.1;31;13
2802972;447254;4467478;45;14;25;14
2802972;447254;4467478;240;14;25;14
2802977;441465;4473850;30;15.1;7;4
2802977;441465;4473850;140;15.1;7.5;6
2802977;441465;4473850;320;15.1;7;6
2802986;445815;4470055;0;16;28.8;9
2802986;445815;4470055;120;16;28.8;9
2802986;445815;4470055;240;16;28.8;9
2802995;443390;4469660;50;14.8;43.85;15
2802995;443390;4469660;240;14.8;43.85;16
2802995;443390;4469660;305;14.8;43.85;12
2803003;437672;4473654;40;15.3;22;10
2803003;437672;4473654;95;15.3;22;10
2803003;437672;4473654;290;15.3;22;10
2803015;443332;4472021;0;14.8;14.39;8
2803015;443332;4472021;120;14.8;14.39;6
2803015;443332;4472021;240;14.8;14.39;10
2803018;447498;4476652;0;15.3;20.94;9
2803018;447498;4476652;90;15.3;20.94;10
2803018;447498;4476652;270;15.3;20.94;5
2803022;442688;4477172;0;14.6;24;10
2803022;442688;4477172;120;14.6;24;10
2803022;442688;4477172;240;14.6;24;9
2803027;440934;4477688;30;14.5;37.3;7
2803027;440934;4477688;120;14.5;37.3;6
2803027;440934;4477688;240;14.5;37.3;8
2803040;442583;4468247;340;15.1;34;9
2803040;442583;4468247;150;15.1;34;10
2803040;442583;4468247;220;15.1;34;10
2803046;444221;4474191;355;16;33;11
2803046;444221;4474191;140;16;33;6
2803046;444221;4474191;240;16;33;7
2803060;439967;4474211;0;14.6;29.5;13
2803060;439967;4474211;120;14.6;29.5;10
2803060;439967;4474211;240;14.6;29.5;9
2803062;433789;4480722;95;14.5;4.75;8
2803062;433789;4480722;230;14.5;4.75;7
2803071;440532;4474990;0;14.9;23.95;7
2803071;440532;4474990;120;14.9;23.95;9
2803071;440532;4474990;240;14.9;23.95;9
2803073;440083;4472336;0;15.9;29.7;5
2803073;440083;4472336;120;15.9;29.7;8
2803073;440083;4472336;240;15.9;29.7;7
2803074;442962;4477777;5;14.6;25;6
2803074;442962;4477777;120;14.6;25;13
2803074;442962;4477777;240;14.6;25;5
2803092;442562;4476019;0;15.3;29.7;10
2803092;442562;4476019;140;15.3;31;10
2803092;442562;4476019;230;15.3;31;10
2803093;441719;4475978;30;16.4;32.23;6
2803093;441719;4475978;150;16.4;29.63;6
2803093;441719;4475978;240;16.4;29.33;7
2803094;439977;4478304;0;15;24.7;3
2803094;439977;4478304;100;15;24.7;7
2803094;439977;4478304;220;15;24.7;7
2803095;442728;4479492;0;16;17.4;6
2803095;442728;4479492;120;16;17.4;6
2803095;442728;4479492;240;16;17.4;4
2803096;443072;4479070;350;14.4;29.87;8
2803096;443072;4479070;120;14.4;29.87;10
2803096;443072;4479070;240;14.4;29.87;6
2803097;442152;4475128;0;15.3;27.5;8
2803097;442152;4475128;120;15.3;27.5;8
2803097;442152;4475128;240;15.3;27.5;10
2803098;440419;4477541;340;14.6;32.15;5
2803098;440419;4477541;120;14.6;27.1;5
2803098;440419;4477541;220;14.6;32.15;8
2803099;438964;4475535;340;15.3;26;6
2803099;438964;4475535;120;15.3;26;4
2803099;438964;4475535;240;15.3;29.67;16
2803204;441966;4475599;20;15.5;31.64;4
2803204;441966;4475599;120;15.5;32.64;4
2803204;441966;4475599;240;15.5;31.19;0
2803205;443235;4477284;10;15.5;33.1;6
2803205;443235;4477284;130;15.5;34.1;5
2803205;443235;4477284;250;15.5;34.1;2
2803208;442757;4475839;0;14.6;37.5;11
2803208;442757;4475839;120;14.6;37.5;11
2803208;442757;4475839;240;14.6;37.5;11
2803214;442051;4476923;0;14.6;21.8;7
2803214;442051;4476923;120;14.6;21.8;6
2803214;442051;4476923;240;14.6;21.8;7
2803216;443049;4477174;315;13.7;23.22;7
2803216;443049;4477174;123;13.7;23.62;7
2803216;443049;4477174;220;13.7;23.22;8
2803217;439742;4476696;330;14.6;30.66;10
2803217;439742;4476696;90;14.6;31.44;8
2803217;439742;4476696;210;14.6;31.44;10
2803220;439459;4476005;0;15.1;33;5
2803220;439459;4476005;120;15.1;33;5
2803220;439459;4476005;240;15.1;33;7
2803221;441709;4479222;20;16;35;2
2803221;441709;4479222;120;16;35;2
2803221;441709;4479222;210;16;35;3
2803223;443144;4476267;0;14.6;26.42;4
2803223;443144;4476267;120;14.6;26.42;7
2803223;443144;4476267;240;14.6;26.42;5
2803225;439282;4475441;240;15.9;24.3;2
2803225;439282;4475441;120;15.9;24.3;8
2803225;439282;4475441;240;15.9;24.3;9
2803229;440764;4476795;0;15;31.7;9
2803229;440764;4476795;120;15;31.7;10
2803229;440764;4476795;240;15;31.7;9
2803232;441498;4480384;0;15.3;17.09;5
2803232;441498;4480384;120;15.3;17.09;5
2803232;441498;4480384;240;15.3;17.09;5
2803233;439937;4475603;20;16.4;29.2;6
2803233;439937;4475603;130;16.4;29.2;6
2803233;439937;4475603;300;16.4;29.2;9
2803237;442601;4476399;30;15.1;32;5
2803237;442601;4476399;100;15.1;32;6
2803237;442601;4476399;240;15.1;32;5
2803240;434293;4485906;350;15.7;16.6;9
2803240;434293;4485906;250;14.7;16;4
2803242;440149;4479915;0;14.6;16;4
2803242;440149;4479915;120;14.6;16;4
2803252;443966;4483246;60;15.1;30.5;8
2803252;443966;4483246;180;15.1;30.5;9
2803252;443966;4483246;320;15.1;30.5;12
2803271;434437;4485229;0;7.5;8.1;0
2803282;438900;4476982;280;15.1;33.65;12
2803282;438900;4476982;110;15.1;33.65;10
2803282;438900;4476982;180;15.1;33.65;12
2803288;445601;4476617;0;16;20.5;11
2803288;445601;4476617;110;16;20.5;9
2803288;445601;4476617;260;16;20.5;8
2803290;446808;4476417;10;14.6;21.62;7
2803290;446808;4476417;120;14.6;21.62;8
2803290;446808;4476417;270;14.6;21.62;6
2803323;446070;4477653;75;14.4;33.2;12
2803323;446070;4477653;200;14.4;37.2;10
2803323;446070;4477653;335;14.4;37.2;13
2803324;438152;4478862;30;13.9;29;8
2803324;438152;4478862;150;15.3;29;8
2803324;438152;4478862;250;13.9;29;10
2803331;441199;4474708;10;16;33.46;7
2803331;441199;4474708;150;16;33.46;9
2803331;441199;4474708;190;18.3;33.46;6
2803331;441199;4474708;250;16;33.46;9
2803334;448697;4476952;0;15.1;29;8
2803334;448697;4476952;120;15.1;29;8
2803334;448697;4476952;240;15.1;29;8
2803378;446527;4480559;0;15.3;36;9
2803378;446527;4480559;120;15.3;36;9
2803378;446527;4480559;240;15.3;36;11
2803503;440555;4474066;0;15.4;34.44;12
2803503;440555;4474066;120;15.4;34.44;12
2803503;440555;4474066;240;15.4;34.44;12
2803513;438954;4479778;0;15.8;31.28;10
2803513;438954;4479778;105;15.8;31.65;7
2803513;438954;4479778;210;15.8;31.28;4
2803522;437727;4472083;310;15.5;20.22;10
2803522;437727;4472083;70;15.5;20.22;10
2803522;437727;4472083;190;15.5;20.22;10
2803531;435254;4469447;350;16.5;30;10
2803531;435254;4469447;100;16.5;30;6
2803531;435254;4469447;250;16.5;30;7
2803533;440709;4465240;0;14.6;23.9;11
2803533;440709;4465240;120;14.6;23.9;15
2803533;440709;4465240;240;14.6;23.9;11
2803534;436581;4472499;0;16.3;4;9
2803534;436581;4472499;120;16.3;4;9
2803534;436581;4472499;240;16.3;4;8
2803551;440234;4467791;30;14;28.93;6
2803551;440234;4467791;120;14;26.85;6
2803551;440234;4467791;270;14;28.93;6
2803552;440052;4468250;0;14.7;23.97;10
2803552;440052;4468250;120;14.7;23.97;8
2803552;440052;4468250;240;14.7;23.97;10
2803578;440982;4467573;0;11;9.38;0
2803628;439404;4474446;185;10.6;16.6;4
2803628;439404;4474446;95;10.6;18.85;2
2803628;439404;4474446;130;10.6;18.85;2
2803648;436589;4468593;0;14.4;23.79;8
2803648;436589;4468593;120;14.4;23.79;8
2803648;436589;4468593;195;14.4;23.79;12
2803648;436589;4468593;265;14.4;23.79;5
2803653;436141;4471243;310;15.1;8.7;6
2803653;436141;4471243;120;15.1;8.7;7
2803653;436141;4471243;240;15.1;8.7;7
2803663;438066;4470169;0;15.8;40.45;9
2803663;438066;4470169;160;15.8;40.45;6
2803663;438066;4470169;240;15.8;40.45;6
2803675;440352;4466699;330;14.6;28.5;9
2803675;440352;4466699;50;14.6;28.5;9
2803675;440352;4466699;240;14.6;28.5;9
2803683;440765;4474193;320;15.6;28.3;6
2803683;440765;4474193;80;15.6;28.3;8
2803683;440765;4474193;200;15.6;28.3;7
2803715;450325;4481638;0;16.1;22;11
2803715;450325;4481638;180;15.8;22;16
2803715;450325;4481638;325;16.1;22;12
2803721;444012;4468278;0;16;16.5;8
2803721;444012;4468278;120;16;16.5;11
2803721;444012;4468278;240;16;16.5;8
2803731;449095;4481359;0;14.4;14;8
2803731;449095;4481359;90;14.4;14;8
2803731;449095;4481359;180;14.4;14;8
2803737;441598;4471250;330;16;21;4
2803737;441598;4471250;60;16;21;4
2803737;441598;4471250;220;16;21;6
2803746;443170;4473145;0;13.7;30;6
2803746;443170;4473145;100;13.7;27.11;10
2803746;443170;4473145;220;13.7;27.11;8
2803836;440660;4484219;60;14;25.75;8
2803836;440660;4484219;140;14;25.75;15
2803836;440660;4484219;250;18.3;25.75;11
2803836;440660;4484219;200;18.3;22.75;7
2803862;439897;4481815;340;14.5;52;6
2803862;439897;4481815;80;14.5;52;4
2803862;439897;4481815;180;14.5;52;7
2803867;443417;4483073;0;14;32.65;13
2803867;443417;4483073;180;14;32.65;9
2803867;443417;4483073;280;14;32.65;9
2803871;432123;4479991;45;15.3;12.38;8
2803871;432123;4479991;120;15.3;13.05;11
2803871;432123;4479991;240;15.3;13.05;7
2803874;443457;4476269;350;14.7;36;7
2803874;443457;4476269;90;14.7;36;8
2803874;443457;4476269;240;14.7;36;8
2803888;441744;4475451;0;17;26.5;6
2803888;441744;4475451;120;17;26.5;6
2803888;441744;4475451;240;17;26.5;6
2803911;434742;4480454;0;14;14;8
2803911;434742;4480454;120;14;14;8
2803911;434742;4480454;240;14;14;6
2803937;447727;4477935;0;14.5;36.57;9
2803937;447727;4477935;125;14.5;36.57;16
2803937;447727;4477935;240;14.5;36.57;9
2803944;446018;4479327;330;15.3;20;4
2803944;446018;4479327;120;15.3;20;2
2803944;446018;4479327;240;15.3;20;6
2803962;440171;4477224;340;15.1;27.4;11
2803962;440171;4477224;170;15.1;27.4;11
2803962;440171;4477224;270;15.1;27.4;11
2803980;436405;4483989;85;16;17.23;9
2803980;436405;4483989;315;16;17.23;12
2803984;439411;4477068;330;14.6;34;10
2803984;439411;4477068;130;14.6;34;8
2803984;439411;4477068;250;14.6;34;8
2803987;444940;4483906;20;16;32;7
2803987;444940;4483906;150;16;32;7
2803987;444940;4483906;230;16;32;5
2804349;441682;4480060;0;14.6;24;9
2804349;441682;4480060;90;14.6;24;12
2804349;441682;4480060;240;14.6;24;12
2804352;439881;4474988;330;14.5;23.7;5
2804352;439881;4474988;90;14.5;23.7;5
2804352;439881;4474988;240;15.3;23.7;5
2804353;441892;4483789;0;15.1;18.7;5
2804353;441892;4483789;120;15.1;18.7;5
2804353;441892;4483789;240;15.1;18.7;5
2804362;449045;4482859;30;13.9;14;13
2804362;449045;4482859;130;13.9;14;13
2804362;449045;4482859;235;13.9;14;10
2804363;441590;4478124;100;15.1;55.75;10
2804363;441590;4478124;170;15.1;55.75;9
2804363;441590;4478124;240;15.1;55.75;13
2804428;437566;4470876;0;15.6;29.76;9
2804428;437566;4470876;120;15.6;29.76;6
2804428;437566;4470876;240;15.6;29.76;10
2804449;440449;4474485;330;16.4;23.52;7
2804449;440449;4474485;120;16.4;23.52;7
2804449;440449;4474485;240;16.4;23.52;6
2804499;436639;4477391;0;16;34;7
2804499;436639;4477391;120;16;34;6
2804499;436639;4477391;270;16;34;6
2804503;442343;4475299;330;14.4;35;8
2804503;442343;4475299;120;14.4;35;10
2804503;442343;4475299;240;14.4;35;7
2804518;433368;4477542;20;14.6;5.3;7
2804518;433368;4477542;210;14.6;5.3;4
2804518;433368;4477542;290;14.6;5.3;8
2804519;434514;4477821;50;15.3;19;8
2804519;434514;4477821;150;15.3;19;8
2804519;434514;4477821;330;15.3;19;8
2804527;441317;4482334;0;16;21;5
2804527;441317;4482334;120;16;21;5
2804527;441317;4482334;240;16;21;6
2804546;440436;4481446;0;14;42.35;3
2804546;440436;4481446;120;14;42.35;2
2804546;440436;4481446;240;14;42.35;6
2804558;442182;4476318;10;15.3;27.05;9
2804558;442182;4476318;120;15.3;27.05;6
2804558;442182;4476318;210;15.3;28.05;9
2804597;441116;4488418;40;13.7;25.25;5
2804597;441116;4488418;160;13.7;25.25;6
2804597;441116;4488418;300;13.7;25.25;5
2804641;443689;4485246;60;15.5;3.9;6
2804641;443689;4485246;190;15.5;3.9;6
2804641;443689;4485246;315;15.5;3.9;6
2804645;443822;4484942;240;15.3;21.99;3
2804645;443822;4484942;190;15.3;21.99;3
2804658;449125;4475080;335;15.3;12.5;10
2804658;449125;4475080;200;15.3;12.5;11
2804658;449125;4475080;270;15.3;12.5;10
2804716;435578;4479376;0;15.8;28;9
2804716;435578;4479376;120;15.8;28;9
2804716;435578;4479376;240;15.8;28;6
2804718;447150;4471904;0;15.3;30.1;6
2804718;447150;4471904;120;15.3;30.1;9
2804718;447150;4471904;240;15.3;30.1;11
2804735;440022;4473633;20;15.3;4.92;0
2804735;440022;4473633;120;15.3;4.92;0
2804735;440022;4473633;240;15.3;4.92;0
2804794;441541;4485943;350;15.1;38.5;6
2804794;441541;4485943;70;15.1;31;5
2804794;441541;4485943;220;15.1;31;6
2804942;441086;4467005;330;14.5;9.5;8
2804942;441086;4467005;120;14.5;9.5;6
2804942;441086;4467005;240;14.5;9.5;8
2804989;433582;4479918;0;14;26.9;9
2804989;433582;4479918;130;14;26.9;7
2804989;433582;4479918;240;14;26.9;5
2805030;442505;4481173;20;16.7;5.7;4
2805030;442505;4481173;200;16.7;5.7;4
2805031;442722;4482070;350;16.7;39;6
2805031;442722;4482070;110;16.7;39;5
2805031;442722;4482070;195;16.7;39;3
2805032;442068;4485282;330;16.5;25.5;3
2805032;442068;4485282;170;16.5;25.5;3
2805032;442068;4485282;250;16.5;26.2;3
2805056;447116;4481704;0;15.9;29;11
2805056;447116;4481704;120;15.9;29;11
2805056;447116;4481704;240;15.9;29;11
2805057;435240;4468758;340;15.3;23;6
2805057;435240;4468758;90;15.3;23;6
2805057;435240;4468758;200;15.3;23;6
2805089;443446;4478147;0;15.5;29;8
2805089;443446;4478147;120;15.5;29;10
2805089;443446;4478147;240;15.5;29;6
2805091;443153;4471330;0;13.9;18.2;6
2805091;443153;4471330;120;13.9;18.2;6
2805091;443153;4471330;240;13.9;18.2;7
2805137;441551;4482087;340;14;42.32;10
2805137;441551;4482087;120;14;42.32;8
2805137;441551;4482087;240;14;46;10
2805141;441411;4477131;320;14.5;23.72;8
2805141;441411;4477131;140;14.5;23.72;8
2805141;441411;4477131;240;14.5;23.72;10
2805150;440274;4475455;340;14.7;27.3;5
2805150;440274;4475455;120;14.7;27.3;6
2805150;440274;4475455;240;14.7;27.3;10
2805151;439569;4475783;0;14.7;32.75;6
2805151;439569;4475783;120;14.7;32.75;8
2805151;439569;4475783;240;14.7;32.75;8
2805161;442910;4480393;0;14;39.3;13
2805161;442910;4480393;130;14;39.3;15
2805161;442910;4480393;240;14;39.3;12
2805169;441436;4475474;320;15.3;23;6
2805169;441436;4475474;60;15.3;22.15;6
2805169;441436;4475474;240;15.3;23;6
2805178;441506;4475257;330;15.3;34.03;3
2805178;441506;4475257;150;15.3;37.03;3
2805178;441506;4475257;240;15.3;34.03;5
2805179;438870;4481786;20;15.1;29;0
2805179;438870;4481786;120;15.1;29;5
2805179;438870;4481786;240;15.1;29;5
2805217;443783;4477001;20;14.6;30;5
2805217;443783;4477001;140;14.6;30;8
2805217;443783;4477001;240;14.6;30;3
2805242;449261;4468761;310;15.5;20.5;12
2805242;449261;4468761;115;15.5;20.5;12
2805242;449261;4468761;240;15.5;21.5;12
2805243;442388;4475929;330;15.1;30.59;13
2805243;442388;4475929;100;15.3;31.03;8
2805243;442388;4475929;220;15.1;30.59;11
2805244;441053;4479565;0;16;32.1;10
2805244;441053;4479565;120;16;32.1;10
2805244;441053;4479565;250;16;32.1;10
2805258;450184;4477635;20;15.3;19.1;8
2805258;450184;4477635;100;15.3;19.1;6
2805258;450184;4477635;300;15.3;19.1;1
2805310;434696;4470558;30;15.1;30;11
2805310;434696;4470558;140;15.1;30;10
2805310;434696;4470558;220;15.1;30;7
2805367;442840;4478298;0;15.6;30.6;7
2805367;442840;4478298;120;15.6;30.6;12
2805367;442840;4478298;240;15.6;30.6;8
2805368;438569;4479204;300;15.3;12.57;10
2805368;438569;4479204;100;15.3;12.57;9
2805368;438569;4479204;240;15.3;12.57;11
2805425;446459;4475778;350;15.1;23;8
2805425;446459;4475778;110;15.1;23;10
2805425;446459;4475778;240;15.1;23;8
2805426;436076;4468536;0;14.5;24.22;5
2805426;436076;4468536;120;14.5;27.22;6
2805426;436076;4468536;240;14.5;24.22;6
2805440;443374;4481555;60;16;54.3;12
2805440;443374;4481555;130;16;54.3;10
2805440;443374;4481555;220;16;54.3;10
2805441;443299;4482225;10;14.2;35.87;10
2805441;443299;4482225;120;14.2;35.87;10
2805441;443299;4482225;220;14.5;34.22;6
2805467;443465;4481974;20;13.9;37.8;6
2805467;443465;4481974;100;13.9;37.8;11
2805467;443465;4481974;290;13.9;38.8;6
2805469;447108;4480586;20;14.6;17.6;8
2805469;447108;4480586;110;14.6;17.6;8
2805469;447108;4480586;270;14.6;17.6;8
2805490;440371;4473656;20;16.65;23.52;3
2805490;440371;4473656;160;16.65;23.52;3
2805490;440371;4473656;280;16.65;23.52;3
2805499;441718;4477754;20;14;17.25;10
2805499;441718;4477754;120;14;17.25;7
2805499;441718;4477754;240;14;17.25;6
2805532;443409;4478800;350;16;28;9
2805532;443409;4478800;160;16;28;9
2805532;443409;4478800;260;16;28;9
2805536;448687;4477915;40;15.3;23.33;7
2805536;448687;4477915;140;15.3;23.33;7
2805536;448687;4477915;280;15.3;23.33;6
2805559;448328;4479941;35;15.7;11.9;6
2805559;448328;4479941;140;15.7;11.9;8
2805559;448328;4479941;245;15.7;11.9;6
2805575;454179;4477297;0;14;13.05;11
2805575;454179;4477297;120;14;13.05;9
2805575;454179;4477297;240;14;13.05;7
2805577;446373;4474355;0;14.6;25;10
2805577;446373;4474355;120;14.6;25;8
2805577;446373;4474355;240;14.6;18;8
2805578;441153;4472696;0;15;38.75;14
2805578;441153;4472696;120;15;39.5;15
2805578;441153;4472696;240;15;39.5;17
2805598;442956;4476581;340;16;28.3;9
2805598;442956;4476581;130;16;28.3;10
2805598;442956;4476581;240;16;28.3;8
2805599;446248;4480700;20;15.3;21.81;9
2805599;446248;4480700;120;15.3;21.81;12
2805599;446248;4480700;225;15.3;21.81;7
2805631;443409;4471189;10;14;20.88;5
2805631;443409;4471189;130;14;20.88;5
2805631;443409;4471189;250;14;20.88;5
2805664;437614;4469136;20;14.8;27.75;6
2805664;437614;4469136;120;14.8;27.75;7
2805664;437614;4469136;240;14.8;27.75;9
2805665;438473;4472751;0;15.6;19.7;6
2805665;438473;4472751;100;15.6;19.7;4
2805665;438473;4472751;230;15.6;19.7;4
2805684;437462;4481487;20;14.5;29;11
2805684;437462;4481487;120;14.5;29;10
2805684;437462;4481487;220;14.5;29;6
2805764;439488;4475419;60;15.5;24;5
2805764;439488;4475419;180;15.5;24;8
2805764;439488;4475419;300;15.5;24;5
2805781;441047;4474694;0;16.2;25.5;11
2805781;441047;4474694;120;16.2;25.5;12
2805781;441047;4474694;240;16.2;25.5;9
2805790;440699;4466508;340;15.3;24.3;9
2805790;440699;4466508;60;15.3;24.3;10
2805790;440699;4466508;220;15.3;24.3;7
2805791;439467;4467427;340;14.5;19;9
2805791;439467;4467427;100;14.5;19;8
2805791;439467;4467427;220;14.5;19;7
2805822;440335;4474430;350;15.6;30.85;10
2805822;440335;4474430;130;15.6;30.85;10
2805822;440335;4474430;210;15.6;30.85;10
2805830;443998;4471655;0;15.3;20.2;11
2805830;443998;4471655;120;15.3;20.2;9
2805830;443998;4471655;255;15.3;20.2;13
2805866;442428;4476438;0;15.3;32.71;11
2805866;442428;4476438;160;15.3;32.71;12
2805866;442428;4476438;250;15.3;32.71;11
2805868;445022;4476727;40;13.9;26.5;7
2805868;445022;4476727;140;13.9;26.5;4
2805868;445022;4476727;240;13.9;26.5;7
2805870;442652;4475368;330;18.3;45.9;10
2805870;442652;4475368;120;14.6;45.9;14
2805870;442652;4475368;210;14.6;45.9;14
2805870;442652;4475368;285;18.3;45.9;14
2805873;444456;4474705;0;14.8;49;12
2805873;444456;4474705;150;14.7;49;13
2805873;444456;4474705;240;14.8;49;11
2805883;441942;4478103;350;13.9;31.3;8
2805883;441942;4478103;130;13.9;31.3;6
2805883;441942;4478103;220;13.9;31.3;6
2805885;442681;4477583;0;14.7;25.89;5
2805885;442681;4477583;120;14.7;25.89;8
2805885;442681;4477583;240;14.7;25.89;5
2805887;436893;4471025;55;14.7;24.93;9
2805887;436893;4471025;150;14.7;26.4;8
2805887;436893;4471025;280;14.7;26.4;7
2805892;439637;4470001;310;14;17.2;9
2805892;439637;4470001;135;14;16.35;9
2805892;439637;4470001;240;14;15.5;11
2805917;440045;4476441;10;15.5;26.98;6
2805917;440045;4476441;130;15.5;26.98;7
2805917;440045;4476441;250;15.5;26.98;8
2805924;441382;4474899;30;14.8;27.8;8
2805924;441382;4474899;150;14.8;27.8;12
2805924;441382;4474899;270;14.8;27.8;10
2805926;439734;4476272;0;14.6;31.88;10
2805926;439734;4476272;120;14.6;31.88;10
2805926;439734;4476272;240;14.6;31.88;10
2805927;440040;4475378;0;14.8;34.4;10
2805927;440040;4475378;110;14.8;34.4;10
2805927;440040;4475378;225;14.8;32.4;10
2805935;444459;4472035;0;15;47.36;12
2805935;444459;4472035;120;15;47.36;12
2805935;444459;4472035;240;15;47.36;12
2805960;433871;4477578;50;14.8;24;8
2805960;433871;4477578;180;14.8;24;9
2805960;433871;4477578;300;14.8;24;10
2805976;441058;4471448;60;14.7;35.63;12
2805976;441058;4471448;210;14.7;35.63;14
2805976;441058;4471448;310;14.7;35.63;12
2805977;440793;4468716;30;14.7;24.02;5
2805977;440793;4468716;120;14.7;24.02;1
2805977;440793;4468716;240;14.7;24.02;4
2805980;444576;4475661;330;14.8;20.36;5
2805980;444576;4475661;100;14.8;20.3;7
2805980;444576;4475661;210;14.8;20.3;9
2805988;442158;4475052;10;15.3;31.25;8
2805988;442158;4475052;130;15.3;31.25;8
2805988;442158;4475052;240;15.3;31.25;9
2805989;447100;4475798;110;14.5;28;8
2805989;447100;4475798;225;14.5;28;8
2805989;447100;4475798;245;14.5;28;8
2806001;438259;4480395;0;15.3;40.84;9
2806001;438259;4480395;120;15.3;40.84;8
2806001;438259;4480395;240;15.3;40.84;10
2806002;437582;4473229;320;14.8;23.64;10
2806002;437582;4473229;120;14.8;23.64;9
2806002;437582;4473229;240;14.8;23.64;10
2806007;442500;4478175;340;14.8;31.6;7
2806007;442500;4478175;90;14.8;31.6;11
2806007;442500;4478175;220;14.8;31.6;11
2806009;439600;4477775;40;13.9;21.05;7
2806009;439600;4477775;130;13.9;21.05;7
2806009;439600;4477775;240;13.9;19.65;7
2806010;441263;4475082;0;15.7;16.5;9
2806010;441263;4475082;120;15.7;16.5;8
2806010;441263;4475082;250;15.7;16.5;8
2806014;439351;4482344;0;15.3;32;5
2806014;439351;4482344;120;15.3;32;5
2806014;439351;4482344;240;15.3;32;4
2806016;438830;4476070;30;15.5;21.05;15
2806016;438830;4476070;110;15.5;21.05;15
2806016;438830;4476070;250;15.5;21.05;15
2806017;443996;4480071;0;13.7;24.55;9
2806017;443996;4480071;120;13.7;24.55;9
2806017;443996;4480071;240;13.7;24.55;9
2806034;437902;4473330;20;14.5;17.28;8
2806034;437902;4473330;120;14.5;19.78;8
2806034;437902;4473330;230;14.5;21.28;8
2806035;439454;4472802;350;14;32.7;14
2806035;439454;4472802;150;14;32.7;18
2806035;439454;4472802;240;14;32.3;14
2806036;437038;4471548;0;14;21.25;8
2806036;437038;4471548;130;14;21.25;8
2806036;437038;4471548;260;14;21.25;6
2806150;441096;4472080;50;14.6;16.49;6
2806150;441096;4472080;150;14.6;16.49;7
2806150;441096;4472080;250;14.6;16.49;8
2806151;442581;4474084;10;13.8;25.2;5
2806151;442581;4474084;130;13.8;25.2;6
2806151;442581;4474084;240;13.8;25.2;10
2806160;439135;4470692;15;14.5;35;9
2806160;439135;4470692;135;14.5;35;8
2806160;439135;4470692;255;14.5;35;8
2806161;434908;4478752;320;13.7;16.95;7
2806161;434908;4478752;70;13.7;16.95;10
2806161;434908;4478752;180;13.7;16.95;9
2806166;430918;4480116;30;14.6;35.8;10
2806166;430918;4480116;120;14.6;35.8;6
2806166;430918;4480116;240;14.6;35.8;6
2806173;443830;4472730;0;13.7;25.25;4
2806173;443830;4472730;130;13.7;25.25;4
2806173;443830;4472730;240;13.7;25.25;10
2806222;451493;4477764;0;15;22.9;7
2806222;451493;4477764;120;15;22.9;8
2806222;451493;4477764;240;15;22.9;5
2806223;444497;4479041;0;14.7;13;6
2806223;444497;4479041;150;14.7;13;9
2806223;444497;4479041;250;14.7;13;9
2806233;436802;4471893;0;16;19;6
2806233;436802;4471893;140;16;19;0
2806233;436802;4471893;280;16;19;0
2806234;446433;4476690;0;14.8;27;11
2806234;446433;4476690;150;14.8;24;11
2806234;446433;4476690;220;14.8;24;11
2806353;439731;4473357;0;14;28.63;12
2806353;439731;4473357;120;14;28.63;10
2806353;439731;4473357;240;14;28.63;11
2806355;442622;4469297;60;16.4;25.25;4
2806355;442622;4469297;190;16.4;25.25;10
2806355;442622;4469297;300;16.4;25.25;10
2806372;450651;4480200;10;14.7;16.98;6
2806372;450651;4480200;120;14.7;16.98;8
2806372;450651;4480200;250;14.7;16.98;2
2806422;432015;4470415;130;14.4;10.5;5
2806422;432015;4470415;250;14.4;10.5;4
2806423;449734;4479586;50;15.3;16.65;10
2806423;449734;4479586;170;15.3;16.65;8
2806423;449734;4479586;270;15.3;16.65;9
2806426;439907;4476489;340;13.8;25;7
2806426;439907;4476489;120;13.8;26;8
2806426;439907;4476489;240;13.8;26;8
2806485;443657;4475012;90;16;28;10
2806485;443657;4475012;180;16;28;10
2806485;443657;4475012;340;16;28;10
2806492;443908;4476466;330;14.5;28.7;6
2806492;443908;4476466;140;14.5;28.7;7
2806492;443908;4476466;260;14.5;28.7;5
2806508;446092;4479050;300;15.5;24;6
2806508;446092;4479050;50;15.5;24;6
2806508;446092;4479050;160;15.5;24;10
2806509;445484;4477922;0;14;26;9
2806509;445484;4477922;95;14;26;10
2806509;445484;4477922;280;14;26;10
2806510;445581;4477708;90;15.3;20;10
2806510;445581;4477708;160;15.3;20;10
2806510;445581;4477708;290;15.3;20;10
2806511;446824;4476154;340;15.3;22.2;12
2806511;446824;4476154;90;15.3;22.2;12
2806511;446824;4476154;180;15.3;22.2;12
2806527;436658;4470315;30;16;24.09;4
2806527;436658;4470315;140;16;24.09;4
2806527;436658;4470315;240;16;24.09;4
2806528;435262;4468340;330;16.4;23.3;4
2806528;435262;4468340;70;16.4;23.3;6
2806528;435262;4468340;240;16.4;23.3;4
2806532;446858;4480885;45;16.8;13;7
2806532;446858;4480885;165;16.8;13;9
2806532;446858;4480885;285;16.8;13;7
2806536;443670;4484389;80;15.9;25.8;10
2806536;443670;4484389;180;15.9;25.8;10
2806536;443670;4484389;270;15.9;25.8;10
2806582;444591;4479886;0;15.1;33;9
2806582;444591;4479886;120;15.1;33;10
2806582;444591;4479886;240;15.1;33;9
2806635;441175;4482856;10;13.7;34.66;3
2806635;441175;4482856;120;13.7;34.66;2
2806635;441175;4482856;240;13.7;34.66;3
2806636;444011;4482430;20;14;24.25;7
2806636;444011;4482430;120;14;24.25;8
2806636;444011;4482430;230;14;24.25;6
2806648;444898;4477917;20;15.3;17;6
2806648;444898;4477917;120;15.3;17;6
2806648;444898;4477917;240;15.3;17;6
2806679;450080;4472390;0;14;27.55;10
2806679;450080;4472390;90;14;27.55;9
2806679;450080;4472390;210;14;27.55;8
2806706;439664;4475275;0;15.3;29.22;10
2806706;439664;4475275;135;15.3;29.22;8
2806706;439664;4475275;240;15.3;29.22;14
2806707;445381;4477138;20;14.7;20.82;7
2806707;445381;4477138;120;14.7;20.82;7
2806707;445381;4477138;230;14.7;20.82;6
2806767;440564;4469715;0;15.8;23;8
2806767;440564;4469715;110;15.8;23;9
2806767;440564;4469715;180;15.8;23;9
2806823;441052;4475465;0;13.9;31.3;8
2806823;441052;4475465;120;13.9;61.45;8
2806823;441052;4475465;240;13.9;61.45;8
2806824;441691;4472529;10;15.5;22.6;8
2806824;441691;4472529;120;15.5;22.6;10
2806824;441691;4472529;250;15.5;22.6;8
2806853;436572;4468936;310;15.3;31;11
2806853;436572;4468936;70;15.3;31;15
2806853;436572;4468936;220;15.3;31;14
2806870;434193;4472278;340;16.2;22.2;9
2806870;434193;4472278;130;16.2;22.2;9
2806870;434193;4472278;250;16.2;23.3;9
2806891;445321;4469176;340;16.9;17.5;3
2806891;445321;4469176;100;16.9;17.5;4
2806891;445321;4469176;200;16.9;17.5;4
2806928;443214;4484517;330;15.1;25;9
2806928;443214;4484517;120;15.1;25;12
2806928;443214;4484517;220;15.1;25;11
2806929;443424;4484744;340;15.5;25;9
2806929;443424;4484744;120;15.5;25;10
2806929;443424;4484744;270;15.5;25;10
2806979;448596;4474410;30;14.6;24;9
2806979;448596;4474410;210;14.6;24;9
2806979;448596;4474410;300;14.6;24;8
2807213;435111;4471444;10;15.9;35.5;5
2807213;435111;4471444;150;15.9;35.5;7
2807213;435111;4471444;260;15.9;35.5;5
2807214;436973;4471312;10;15.3;17;8
2807214;436973;4471312;130;15.3;17;8
2807214;436973;4471312;250;15.3;17;8
2807290;441131;4470859;330;16.6;24.5;4
2807290;441131;4470859;90;16.6;24.5;4
2807290;441131;4470859;210;16.6;24.5;4
2807324;449418;4479088;40;15.9;24;9
2807324;449418;4479088;150;15.9;24;9
2807324;449418;4479088;210;15.9;24;8
2807459;445090;4476210;320;15.3;44.87;10
2807459;445090;4476210;80;15.3;44.87;12
2807459;445090;4476210;210;15.3;44.87;12
2807508;440660;4469814;320;15.3;26;10
2807508;440660;4469814;80;15.3;26;10
2807508;440660;4469814;200;15.3;26;10
2807650;446426;4468880;330;16;53.95;8
2807650;446426;4468880;100;16;53.95;8
2807650;446426;4468880;220;16;53.95;12
2807655;449718;4478051;30;15.9;28.5;8
2807655;449718;4478051;170;15.9;28.5;8
2807655;449718;4478051;290;15.9;28.5;6
2807687;449311;4468330;50;16.7;27.7;10
2807687;449311;4468330;120;16.7;27.7;2
2807687;449311;4468330;290;16.7;27.7;8
2807690;449626;4468167;30;15.6;23.75;10
2807690;449626;4468167;150;15.6;23.75;10
2807690;449626;4468167;270;15.6;23.75;8
2807720;442014;4475389;330;15.7;32.5;8
2807720;442014;4475389;50;16.2;32.5;8
2807720;442014;4475389;220;15.7;32.5;8
2807722;439164;4477840;340;15.9;25;10
2807722;439164;4477840;120;15.9;25;6
2807722;439164;4477840;210;15.9;25;14
2807852;440088;4483871;350;16;23.5;7
2807852;440088;4483871;60;16;23.5;6
2807852;440088;4483871;140;16;23.5;6
2807969;443499;4482370;50;15.3;15.19;9
2807969;443499;4482370;130;15.3;15.19;8
2807969;443499;4482370;240;15.3;13.4;2
2807997;447781;4468240;320;14;23;6
2807997;447781;4468240;30;14;23;9
2807997;447781;4468240;100;14;23;10
2807999;444454;4477596;20;18.5;36;10
2807999;444454;4477596;140;18.5;36;10
2807999;444454;4477596;260;18.5;36;10
2808049;433485;4479129;335;15.7;15.9;3
2808049;433485;4479129;125;15.7;15.9;6
2808049;433485;4479129;245;15.7;15.9;6
2808053;440167;4475220;100;16;25.8;5
2808053;440167;4475220;170;16;25.8;5
2808053;440167;4475220;240;16;25.8;5
2808150;439410;4474874;20;15.9;35.08;10
2808150;439410;4474874;120;15.9;35.08;9
2808150;439410;4474874;240;15.9;35.08;10
2808168;443236;4474231;350;14.8;34.2;3
2808168;443236;4474231;120;14.8;34.2;7
2808168;443236;4474231;240;14.8;34.2;7
2808174;443531;4475673;10;13.7;28.25;5
2808174;443531;4475673;90;13.7;28.25;8
2808174;443531;4475673;220;13.7;28.25;8
2808199;439981;4474605;50;14.4;32;5
2808199;439981;4474605;120;14.4;32;2
2808199;439981;4474605;180;14.4;32;3
2808237;444346;4478852;290;15.3;16.2;6
2808237;444346;4478852;110;15.3;16.2;6
2808237;444346;4478852;220;15.3;16.2;6
2808246;441015;4473576;0;17;25.6;2
2808246;441015;4473576;120;17;25.6;7
2808246;441015;4473576;240;17;25.6;5
2808333;441012;4478050;40;15.3;32;8
2808333;441012;4478050;150;15.3;32;10
2808333;441012;4478050;240;15.3;32;8
2808417;444300;4477258;10;15;49;9
2808417;444300;4477258;120;15;49;15
2808417;444300;4477258;240;15;49;15
2808422;450365;4471317;320;16.8;14.65;5
2808422;450365;4471317;70;16.8;14.65;6
2808422;450365;4471317;200;16.8;14.65;5
2808429;444123;4478378;330;15;27.75;8
2808429;444123;4478378;160;15;27.75;8
2808429;444123;4478378;240;15;27.75;8
2808460;433415;4479361;30;15.7;18.25;6
2808460;433415;4479361;150;15.7;18.25;9
2808460;433415;4479361;270;15.7;18.25;6
2808483;448087;4473002;30;15.3;20;8
2808483;448087;4473002;260;15.3;20;8
2808483;448087;4473002;315;15.3;20;7
2808759;441630;4473156;20;13.9;36;5
2808759;441630;4473156;120;13.9;36;14
2808759;441630;4473156;210;13.9;34.2;10
2808796;440980;4468169;60;16;49.4;8
2808796;440980;4468169;210;16;48.25;8
2808796;440980;4468169;330;16;48.25;6
2808819;443827;4483522;25;15.7;18.5;6
2808819;443827;4483522;240;15.7;18.5;6
2808819;443827;4483522;340;15.7;18.5;6
2808842;439292;4476345;0;15;34;3
2808842;439292;4476345;150;15;34;3
2808842;439292;4476345;240;15;34;3
2808942;443111;4470743;350;15.3;17.72;5
2808942;443111;4470743;100;15.3;17.72;2
2808942;443111;4470743;230;15.3;17.72;2
2808972;443202;4483277;20;15.5;27;8
2808972;443202;4483277;155;15.5;27;6
2808972;443202;4483277;250;15.5;27;9
2809004;439116;4477184;5;14.9;24;9
2809004;439116;4477184;125;14.9;24;6
2809004;439116;4477184;215;14.9;24;8
2809056;442374;4472804;30;14.8;15;10
2809056;442374;4472804;140;14.1;15;8
2809056;442374;4472804;240;14.8;15;10
2809263;448171;4469139;0;14.4;29;9
2809263;448171;4469139;120;14.4;29;8
2809263;448171;4469139;240;14.4;29;9
2809337;440205;4468788;0;14.5;25;9
2809337;440205;4468788;120;14.5;25;7
2809337;440205;4468788;240;14.5;25;7
2809401;446474;4484242;0;16.8;16.65;3
2809401;446474;4484242;130;16.8;16.65;6
2809401;446474;4484242;240;16.8;16.65;6
2809409;441031;4476283;0;15.3;33;6
2809409;441031;4476283;120;15.3;33;6
2809409;441031;4476283;240;15.3;33;6
2809415;440588;4476075;350;14.5;26.52;3
2809415;440588;4476075;120;14.5;26.52;8
2809415;440588;4476075;250;14.5;26.52;9
2809469;446266;4473179;0;15.3;17;3
2809469;446266;4473179;120;15.3;17;3
2809469;446266;4473179;240;15.3;17;3
2809488;450633;4478880;0;14.4;27;9
2809488;450633;4478880;140;14.4;27;11
2809488;450633;4478880;270;14.4;27;11
2809497;437365;4473630;0;17;5.74;11
2809497;437365;4473630;120;17;5.74;8
2809497;437365;4473630;240;17;5.74;8
2809500;443350;4469861;0;13.7;31.75;6
2809500;443350;4469861;90;13.7;31.75;6
2809500;443350;4469861;270;13.7;29.75;6
2809511;448088;4471613;50;14.4;24.1;11
2809511;448088;4471613;190;14.4;24.1;11
2809511;448088;4471613;350;14.4;24.1;8
2809526;450367;4480436;0;14.6;26.6;12
2809526;450367;4480436;120;14.6;26.6;12
2809526;450367;4480436;240;14.6;26.6;8
2809528;450214;4472202;20;14.5;24.3;6
2809528;450214;4472202;120;14.5;24.3;6
2809528;450214;4472202;270;14.5;24.3;6
2809544;443844;4477163;0;15.4;39.9;10
2809544;443844;4477163;150;15.4;39.9;10
2809544;443844;4477163;270;15.4;39.9;8
2809548;440612;4475384;0;15.9;29;6
2809548;440612;4475384;120;15.9;29;6
2809548;440612;4475384;240;15.9;29;6
2809556;439800;4481002;340;15.3;41;7
2809556;439800;4481002;150;15.3;41;7
2809556;439800;4481002;260;15.3;41;7
2809560;443029;4479872;30;14;55.5;13
2809560;443029;4479872;120;14;55.5;15
2809560;443029;4479872;240;14;55.5;15
2809736;442934;4474638;60;16.2;17.04;8
2809736;442934;4474638;180;16.2;17.04;7
2809736;442934;4474638;300;16.2;17.04;5
2809768;441156;4487728;40;15.8;11;6
2809768;441156;4487728;170;15.8;11;6
2809768;441156;4487728;310;15.8;11;6
2809793;432846;4479696;0;15;17.55;6
2809793;432846;4479696;170;15;17.2;6
2809793;432846;4479696;260;15;17.2;6
2809896;441514;4474677;0;15.5;27.61;8
2809896;441514;4474677;120;15.5;27.61;8
2809896;441514;4474677;240;15.5;27.61;8
2809967;440511;4472248;0;14.1;35.75;1
2809967;440511;4472248;160;14.1;39.75;3
2809967;440511;4472248;300;14.1;37.75;3
2810061;451505;4479442;50;17;11;4
2810061;451505;4479442;170;17;11;4
2810061;451505;4479442;290;17;11;4
2810423;447976;4481172;40;17;23.6;7
2810423;447976;4481172;210;17;23.6;7
2810423;447976;4481172;300;17;23.6;5
2810447;438764;4472396;90;17;29.2;5
2810447;438764;4472396;200;17;29.2;2
2810447;438764;4472396;320;17;29.2;7
2810564;439645;4477383;10;17;38;8
2810564;439645;4477383;120;17;38;8
2810564;439645;4477383;240;17;38;10
2810714;439580;4480430;350;15.5;34;9
2810714;439580;4480430;120;15.5;37;5
2810714;439580;4480430;240;15.5;37;10
2810729;442082;4475389;50;14.4;30.2;3
2810729;442082;4475389;120;14.4;30.2;3
2810729;442082;4475389;210;14.4;30.2;3
2810915;444359;4480048;0;15.3;16.88;9
2810915;444359;4480048;120;15.3;17.88;11
2810915;444359;4480048;230;15.3;17.88;11
2811283;440159;4475916;20;15.9;48;8
2811283;440159;4475916;170;15.9;48;11
2811283;440159;4475916;260;15.9;48;11
2811394;435647;4468620;0;15.3;27;8
2811394;435647;4468620;120;15.3;27;10
2811394;435647;4468620;240;15.3;27;8
2811464;443287;4465842;340;15.3;29;6
2811464;443287;4465842;180;15.3;29;6
2811464;443287;4465842;270;15.3;29;6
2811479;443609;4480107;350;15;21.5;3
2811479;443609;4480107;110;15;21.5;3
2811479;443609;4480107;230;15;21.5;3
2811486;450753;4477477;0;15;24;3
2811486;450753;4477477;120;15;24;3
2811486;450753;4477477;250;15;24;3
2811622;442938;4471650;30;15.3;27;6
2811622;442938;4471650;120;15.3;27;6
2811622;442938;4471650;270;15.3;27;6
2811625;441576;4466742;0;15.3;19;3
2811625;441576;4466742;120;15.3;19;3
2811625;441576;4466742;240;15.3;19;3
2811638;441163;4482395;300;15;24;6
2811638;441163;4482395;50;15;24;6
2811638;441163;4482395;180;15;24;6
2811687;445451;4473451;0;15.3;27.95;6
2811687;445451;4473451;130;15.3;27.95;3
2811687;445451;4473451;240;15.3;27.95;3
2811705;449711;4479117;0;15;17.6;3
2811705;449711;4479117;90;15;17.6;3
2811705;449711;4479117;180;15;17.6;3
2811711;442136;4477120;30;15.1;32.4;5
2811711;442136;4477120;120;15.1;32.4;5
2811711;442136;4477120;240;15.1;32.4;7
2812427;442618;4478515;0;14;31.45;5
2812427;442618;4478515;90;14;31.45;5
2812427;442618;4478515;230;14;31.45;5
2804644;443912;4484931;350;16.3;4;4
2804644;443912;4484931;130;16.3;4;6
2804644;443912;4484931;240;16.3;4;6
2804972;441711;4470419;0;11;9;0
2804972;441711;4470419;0;11;9;0
2805891;442765;4473696;0;17.2;30.8;7
2805891;442765;4473696;120;17.2;30.8;8
2805891;442765;4473696;240;17.2;30.8;7
2805923;439217;4475637;0;16.9;28.71;8
2805923;439217;4475637;120;16.9;28.71;8
2805923;439217;4475637;240;16.9;28.71;8
2808105;447474;4476364;0;17;22.5;4
2808105;447474;4476364;120;17;22.5;6
2808105;447474;4476364;240;17;22.5;4
2808132;441815;4468291;315;17.2;33.65;7
2808132;441815;4468291;180;17.2;33.65;6
2808132;441815;4468291;245;17.2;32.95;6
2809360;451801;4483117;20;11;19;2
2809360;451801;4483117;120;11;19;2
2809360;451801;4483117;215;11;19;2
2809583;438922;4471560;0;16.7;22.75;7
2809583;438922;4471560;120;16.7;22.75;7
2809583;438922;4471560;240;16.7;22.15;7
2810304;441405;4473123;360;7;7;0
2810304;441405;4473123;360;7;7;0
